id,Protein,cluster_thermodynamics,cluster_color_thermodynamics,cluster,cluster_color,reviewed,Structure Title,Exp. Method,Patient Derived,Disease,Role (P/F)
2e8d,B2m,-1,#7f7f7f,-1.0,#7f7f7f,,3D Structure of amyloid protofilaments of beta2-microglobulin fragment probed by solid-state NMR,SOLID-STATE NMR,-,,P
2n0a,Asyn,-1,#7f7f7f,-1.0,#7f7f7f,x,Atomic-resolution structure of alpha-synuclein fibrils,SOLID-STATE NMR,-,,P
2nao,Abeta,-1,#7f7f7f,-1.0,#7f7f7f,x,Atomic resolution structure of a disease-relevant Abeta(1-42) amyloid fibril,SOLUTION NMR,-,,P
5w3n,Fus,-1,#7f7f7f,2.0,#e58b5b,,Molecular structure of FUS low sequence complexity domain protein fibrils,SOLID-STATE NMR,-,,P
6ic3,LC,-1,#7f7f7f,16.0,#5be5c2,,AL amyloid fibril from a lambda 1 light chain,ELECTRON MICROSCOPY,+,Systemic AL amyloidosis,P
6jpd,RIP3,-1,#7f7f7f,-1.0,#7f7f7f,,Mouse receptor-interacting protein kinase 3 (RIP3) amyloid structure by solid-state NMR,SOLID-STATE NMR,,,
6lni,PrP,-1,#7f7f7f,-1.0,#7f7f7f,,Cryo-EM structure of amyloid fibril formed by full-length human prion protein,ELECTRON MICROSCOPY,,,
6mst,SAA1,-1,#7f7f7f,-1.0,#7f7f7f,,Cryo-EM structure of human AA amyloid fibril,ELECTRON MICROSCOPY,+,Systemic AA amyloidosis,
6nzn,Gcg,-1,#7f7f7f,-1.0,#7f7f7f,,Dimer-of-dimer amyloid fibril structure of glucagon,SOLID-STATE NMR,-,,
6xfm,FUS,-1,#7f7f7f,5.0,#e5d15b,,Molecular structure of the core of amyloid-like fibrils formed by residues 111-214 of FUS,ELECTRON MICROSCOPY,,,
7bx7,hnRNPA1,-1,#7f7f7f,-1.0,#7f7f7f,,Cryo-EM structure of amyloid fibril formed by hnRNPA1 low complexity domain,ELECTRON MICROSCOPY,,,
7da4,RIPK3,-1,#7f7f7f,,,,Cryo-EM structure of amyloid fibril formed by human RIPK3,ELECTRON MICROSCOPY,Functional amyloid,,
7dwv,PrP,-1,#7f7f7f,5.0,#e5d15b,,Cryo-EM structure of amyloid fibril formed by familial prion disease-related mutation E196K,ELECTRON MICROSCOPY,,prion,
7kwz,TDP-43,-1,#7f7f7f,-1.0,#7f7f7f,,TDP-43 LCD amyloid fibrils,ELECTRON MICROSCOPY,,,P
7l7h,Asyn,-1,#7f7f7f,3.0,#e5a25b,,Alpha-synuclein fibrils,ELECTRON MICROSCOPY,,"PD,DLB,MSA",
7py2,TDP43,-1,#7f7f7f,-1.0,#7f7f7f,,Structure of pathological TDP-43 filaments from ALS with FTLD,ELECTRON MICROSCOPY,+,ALS,
7qky,Tau,-1,#7f7f7f,-1.0,#7f7f7f,,In vitro assembled 0N4R tau filaments with phosphoserine (47a),ELECTRON MICROSCOPY,,AD,
7sp1,Tau,-1,#7f7f7f,-1.0,#7f7f7f,,RNA-induced tau amyloid fibril,ELECTRON MICROSCOPY,,AD,
7vqq,fusion protein of mCerulian and FUS LCD,-1,#7f7f7f,7.0,#c9e55b,,Cryo-EM structure of amyloid fibril formed by FUS low complexity domain,ELECTRON MICROSCOPY,,ALS,
7vzf,Superoxide dismutase [Cu-Zn],-1,#7f7f7f,-1.0,#7f7f7f,,Cryo-EM structure of amyloid fibril formed by full-length human SOD1,ELECTRON MICROSCOPY,,ALS,
7yat,PrP,-1,#7f7f7f,5.0,#e5d15b,,CryoEM tetra protofilament structure of the hamster prion 108-144 fibril,ELECTRON MICROSCOPY,,prion,
7zh7,SAA,-1,#7f7f7f,-1.0,#7f7f7f,,Cryo-EM structure of ex vivo AA amyloid from renal tissue of a short hair cat deceased in a shelter,ELECTRON MICROSCOPY,,AA amyloidosis,
8bqw,Asyn,-1,#7f7f7f,,,,Cryo-EM structure of alpha-synuclein filaments doublet from Juvenile-onset synucleinopathy,ELECTRON MICROSCOPY,+,juvenile-onset synucleinopathy (JOS),
8g2v,LECT2,-1,#7f7f7f,-1.0,#7f7f7f,, CRYO-EM STRUCTURE OF RECOMBINANT HUMAN LECT2 AMYLOID FIBRIL CORE,ELECTRON MICROSCOPY,,ALECT2 systemic amyloidosis,
8jey,Asyn,-1,#7f7f7f,-1.0,#7f7f7f,, CRYO-EM STRUCTURE OF ALPHA-SYNUCLEIN PS87 FIBRIL,ELECTRON MICROSCOPY,pS87,,
8ons,TAF15,-1,#7f7f7f,-1.0,#7f7f7f,, TAF15 AMYLOID FOLD IN ATYPICAL FTLD - INDIVIDUAL 1,ELECTRON MICROSCOPY,+,FTLD-FET,
8oq5,Apolipoproteina-ii,-1,#7f7f7f,18.0,#5bd9e5,, AAPOAII AMYLOID FIBRIL MORPHOLOGY I (EX VIVO),ELECTRON MICROSCOPY,mice,,
8ppo,Tau,-1,#7f7f7f,-1.0,#7f7f7f,, FIRST INTERMEDIATE AMYLOID (FIA) - TAU,ELECTRON MICROSCOPY,,AD,
8qut,Human lysozyme fibrils ,-1,#7f7f7f,-1.0,#7f7f7f,, CRYO-EM STRUCTURE OF THE HEAT-IRREVERSIBLE AMYLOID FIBRILS OF HUMAN LYSOZYME,ELECTRON MICROSCOPY,,,
8spa,CPEB3,-1,#7f7f7f,12.0,#5be563,," STRUCTURAL INSIGHTS INTO CELLULAR CONTROL OF THE HUMAN CPEB3 PRION, FUNCTIONALLY REGULATED BY A LABILE-AMYLOID-FORMING SEGMENT",ELECTRON MICROSCOPY,,"astrocytic tumor,breast cancer, large cell medulloblastoma",
8zmy,Asyn,-1,#7f7f7f,22.0,#5b7be5,, F0502B-BOUND WT POLYMORPH 5A ALPHA-SYNUCLEIN FIBRIL,ELECTRON MICROSCOPY,,,
9for,Annexina11,-1,#7f7f7f,5.0,#e5d15b,, STRUCTURE OF HETEROMERIC AMYLOID FILAMENT OF TDP-43 AND AXNA11 FROM FTLD-TDP TYPE C (VARIANT 1),ELECTRON MICROSCOPY,,,
2beg,Abeta,0,#e55b5b,5.0,#e5d15b,x,3D Structure of Alzheimer's Abeta(1-42) fibrils,SOLUTION NMR,-,,P
2lmn,Abeta,0,#e55b5b,24.0,#6b5be5,x,"Structural Model for a 40-Residue Beta-Amyloid Fibril with Two-Fold Symmetry, Positive Stagger",SOLID-STATE NMR,-,,P
2lmo,Abeta,0,#e55b5b,5.0,#e5d15b,x,"Structural Model for a 40-Residue Beta-Amyloid Fibril with Two-Fold Symmetry, Negative Stagger",SOLID-STATE NMR,-,,P
2lmp,Abeta,0,#e55b5b,24.0,#6b5be5,x,"Structural Model for a 40-residue Beta-Amyloid Fibril with Three-Fold Symmetry, Positive Stagger",SOLID-STATE NMR,-,,P
2lmq,Abeta,0,#e55b5b,5.0,#e5d15b,x,"Structural Model for a 40-residue Beta-Amyloid Fibril with Three-Fold Symmetry, Negative Stagger",SOLID-STATE NMR,-,,P
2lnq,Abeta,0,#e55b5b,-1.0,#7f7f7f,x,40-residue D23N beta amyloid fibril,SOLID-STATE NMR,-,,P
2m4j,Abeta,0,#e55b5b,-1.0,#7f7f7f,x,40-residue beta-amyloid fibril derived from Alzheimer's disease brain,SOLID-STATE NMR,+,Sporadic Alzheimer's Disease,P
2mpz,Abeta,0,#e55b5b,5.0,#e5d15b,x,"Atomic model of the Abeta D23N 'Iowa' mutant using solid-state NMR, EM and Rosetta modeling",SOLID-STATE NMR,-,,P
2mvx,Abeta,0,#e55b5b,-1.0,#7f7f7f,x,Atomic-resolution 3D structure of amyloid-beta fibrils: the Osaka mutation,SOLID-STATE NMR,-,,P
2mxu,Abeta,0,#e55b5b,3.0,#e5a25b,x,42-Residue Beta Amyloid Fibril,SOLID-STATE NMR,-,,P
2nnt,TCERG1,0,#e55b5b,5.0,#e5d15b,,General structural motifs of amyloid protofilaments,SOLID-STATE NMR,-,,P
5kk3,Abeta,0,#e55b5b,3.0,#e5a25b,x,Atomic Resolution Structure of Monomorphic AB42 Amyloid Fibrils,SOLID-STATE NMR,-,,P
5oqv,Abeta,0,#e55b5b,3.0,#e5a25b,x,Near-atomic resolution fibril structure of complete amyloid-beta(1-42) by cryo-EM,ELECTRON MICROSCOPY,-,,P
6n3c,TDP43,0,#e55b5b,-1.0,#7f7f7f,,"SegB, conformation of TDP-43 low complexity domain segment A",ELECTRON MICROSCOPY,-,,
6qjm,Tau,0,#e55b5b,5.0,#e5d15b,x,Cryo-EM structure of heparin-induced 2N4R tau twister filaments,ELECTRON MICROSCOPY,-,,P
6qjp,Tau,0,#e55b5b,5.0,#e5d15b,x,Cryo-EM structure of heparin-induced 2N4R tau jagged filaments,ELECTRON MICROSCOPY,-,,P
6shs,Abeta,0,#e55b5b,13.0,#5be57b,x,Abeta fibril (Morphology I),ELECTRON MICROSCOPY,+,Cerebral amyloid angiopathy,P
6ti5,Abeta40,0,#e55b5b,5.0,#e5d15b,,A New Structural Model of Abeta(1-40) Fibrils,SOLID-STATE NMR,mix of abeta 40/42,,P
6ti6,Abeta40/42,0,#e55b5b,5.0,#e5d15b,,Mixing Abeta(1-40) and Abeta(1-42) peptides generates unique amyloid fibrils,SOLID-STATE NMR,mix of abeta 40/42,,P
6ti7,Abeta40/42,0,#e55b5b,5.0,#e5d15b,,Mixing Abeta(1-40) and Abeta(1-42) peptides generates unique amyloid fibrils,SOLID-STATE NMR,mix of abeta 40/42,,P
6tub,Beta-endorphin,0,#e55b5b,-1.0,#7f7f7f,,Beta-endorphin amyloid fibril,SOLID-STATE NMR,,,
6w0o,Abeta40,0,#e55b5b,10.0,#83e55b,,Amyloid-beta(1-40) fibril derived from Alzheimer's disease cortical tissue,SOLID-STATE NMR,+,Alzheimer's disease,P
7f29,Abeta,0,#e55b5b,3.0,#e5a25b,,Cryo-EM structure of the fibril formed by disaccharide-modified amyloid-beta(1-42),ELECTRON MICROSCOPY,,AD,
7q4b,Abeta,0,#e55b5b,3.0,#e5a25b,,Type I beta-amyloid 42 Filaments from Human Brain,ELECTRON MICROSCOPY,+,sporadic Alzheimer's disease,
7q4m,Abeta,0,#e55b5b,3.0,#e5a25b,,Type II beta-amyloid 42 Filaments from Human Brain,ELECTRON MICROSCOPY,+,familial Alzheimer's disease,
7q64,Nup100,0,#e55b5b,-1.0,#7f7f7f,,Cryo-em structure of the Nup98 fibril polymorph 1,ELECTRON MICROSCOPY,,AD,
7q65,Nup99,0,#e55b5b,-1.0,#7f7f7f,,Cryo-em structure of the Nup98 fibril polymorph 2,ELECTRON MICROSCOPY,,AD,
7q66,Nup98,0,#e55b5b,5.0,#e5d15b,,Cryo-em structure of the Nup98 fibril polymorph 3,ELECTRON MICROSCOPY,,AD,
7q67,Nup98,0,#e55b5b,3.0,#e5a25b,,Cryo-em structure of the Nup98 fibril polymorph 4,ELECTRON MICROSCOPY,,AD,
7rl4,PrP,0,#e55b5b,27.0,#b25be5,,Cryo-EM structure of human PrP23-144 amyloid fibrils,ELECTRON MICROSCOPY,,familial prion disease,
8azt,Abeta,0,#e55b5b,3.0,#e5a25b,,Type II amyloid-beta 42 filaments from high-spin supernatants of aqueous extracts from Alzheimer's disease brains | ABeta42,ELECTRON MICROSCOPY,+,AD,
8bfa,Abeta,0,#e55b5b,3.0,#e5a25b,,Sarkosyl-extracted AppNL-G-F Abeta42 fibril structure,ELECTRON MICROSCOPY,,AD,
8bfb,Abeta,0,#e55b5b,3.0,#e5a25b,,Sarkosyl-extracted AppNL-G-F Abeta42 fibril structure (Methoxy-X04-labelled mice),ELECTRON MICROSCOPY,,AD,
8bfz,Abeta,0,#e55b5b,3.0,#e5a25b,,Amyloid-beta 42 filaments extracted from the human brain with Arctic mutation (E22G) of Alzheimer's disease | ABeta42,ELECTRON MICROSCOPY,+,AD,
8bg0,Abeta,0,#e55b5b,3.0,#e5a25b,,Amyloid-beta tetrameric filaments with the Arctic mutation (E22G) from Alzheimer's disease brains | ABeta40,ELECTRON MICROSCOPY,+,AD,
8bg9,Abeta,0,#e55b5b,3.0,#e5a25b,no,Murine amyloid-beta filaments with the Arctic mutation (E22G) from APP(NL-G-F) mouse brains | ABeta,ELECTRON MICROSCOPY,,AD,
8dja,PrP,0,#e55b5b,27.0,#b25be5,,Cryo-EM structure of mouse PrP23-144 amyloid fibrils (polymorph 1),ELECTRON MICROSCOPY,,PD ,
8ezd,Abeta,0,#e55b5b,-1.0,#7f7f7f,,Brain-derived 42-residue amyloid-beta fibril type A,ELECTRON MICROSCOPY,+,AD,
8eze,Abeta,0,#e55b5b,-1.0,#7f7f7f,,Brain-derived 42-residue amyloid-beta fibril type B,ELECTRON MICROSCOPY,+,AD,
8ff2,Abeta,0,#e55b5b,13.0,#5be57b,, AMYLOID-BETA (1-40) FIBRILS DERIVED FROM A CAA PATIENT,ELECTRON MICROSCOPY,+,CAA,
8ff3,Abera,0,#e55b5b,10.0,#83e55b,, AMYLOID-BETA (1-40) FIBRILS DERIVED FROM FAMILIAL DUTCH-TYPE CAA PATIENT (POPULATION B),ELECTRON MICROSCOPY,fibrils resulted from synthetic abeta seeded with fCAA-Dutch derived fibrils, familial CAA Dutch vascular amyloidosis,
8hia,TGFBIp/?ig-h3,0,#e55b5b,-1.0,#7f7f7f,, STRUCTURE OF TRANSFORMING GROWTH FACTOR BETA INDUCED PROTEIN (TGFBIP) G623R FIBRIL,ELECTRON MICROSCOPY,,granular corneal dystrophy type II,
8hia,TGFBIp/?ig-h3,0,#e55b5b,-1.0,#7f7f7f,NO, CRYO-EM STRUCTURE OF DIP-2I8I POLYMORPH 2,ELECTRON MICROSCOPY,,,
8j47,Abeta,0,#e55b5b,10.0,#83e55b,, CRYOEM STRUCTURE OF 40-RESIDUE ARCTIC (E22G) BETA-AMYLOID FIBRIL DERIVED BY CO-ANALYSIS WITH SOLID-STATE NMR | E22G ABETA40,ELECTRON MICROSCOPY,,,
8kew,Abeta42,0,#e55b5b,3.0,#e5a25b,, THE CRYO-EM STRUCTURE OF TYPE1 AMYLOID BETA 42 FIBRIL.,ELECTRON MICROSCOPY,not published,,
8kf1,Abeta42,0,#e55b5b,3.0,#e5a25b,, THE CRYO-EM STRUCTURE OF AV-45 BOUND TYPE1 AMYLOID BETA 42 FIBRIL.,ELECTRON MICROSCOPY,not publised article!,,
8kf3,Abeta,0,#e55b5b,3.0,#e5a25b,, THE CRYO-EM STRUCTURE OF TYPE3 AMYLOID BETA 42 FIBRIL.,ELECTRON MICROSCOPY,not publised article!,,
8kf4,Abeta,0,#e55b5b,3.0,#e5a25b,, THE CRYO-EM STRUCTURE OF TYPE1 AMYLOID BETA 42 FIBRIL IN AD2 PATIENT.,ELECTRON MICROSCOPY,not publised article!,,
8kf5,Abeta,0,#e55b5b,3.0,#e5a25b,, THE CRYO-EM STRUCTURE OF TYPE1 AMYLOID BETA 42 FIBRIL IN AD3.,ELECTRON MICROSCOPY,not publised article!,,
8kf6,Abeta42,0,#e55b5b,3.0,#e5a25b,, THE CRYO-EM STRUCTURE OF AV-45 BOUND TYPE3 AMYLOID BETA 42 FIBRIL.,ELECTRON MICROSCOPY,not publised article!,,
8ol2,Abeta42,0,#e55b5b,3.0,#e5a25b,, MURINE TYPE II ABETA FIBRIL FROM APP23 MOUSE,ELECTRON MICROSCOPY,transgenic mouse,AD,
8ol3,Abeta42,0,#e55b5b,3.0,#e5a25b,, MURINE TYPE III ABETA FIBRIL FROM APP/PS1 MOUSE,ELECTRON MICROSCOPY,transgenic mouse,AD,
8ol5,Abeta42,0,#e55b5b,3.0,#e5a25b,, MURINE TYPE II ABETA FIBRIL FROM ARTE10 MOUSE,ELECTRON MICROSCOPY,mouse,AD,
8ol6,Abeta42,0,#e55b5b,3.0,#e5a25b,, MURINE TYPE II ABETA FIBRIL FROM TGAPPSWE MOUSE,ELECTRON MICROSCOPY,mouse ,AD,
8ol7,Abeta42,0,#e55b5b,3.0,#e5a25b,, MURINEARC TYPE I ABETA FIBRIL FROM TG-APPARCSWE MOUSE,ELECTRON MICROSCOPY,transgenic mouse,AD,
8olg,Abeta42,0,#e55b5b,3.0,#e5a25b,, DI2 ABETA FIBRIL FROM TG-SWDI MOUSE,ELECTRON MICROSCOPY,transgenic mouse,AD,
8oln,Abeta42,0,#e55b5b,3.0,#e5a25b,, DI1 ABETA FIBRIL FROM TG-SWDI MOUSE,ELECTRON MICROSCOPY,mice,AD,
8olo,Abeta42,0,#e55b5b,3.0,#e5a25b,, MURINE TYPE III ABETA FIBRIL FROM ARTE10 MOUSE,ELECTRON MICROSCOPY,murine type III A? fibrils from ARTE10,AD,
8olq,Abeta42,0,#e55b5b,3.0,#e5a25b,, DI3 ABETA FIBRIL FROM TG-SWDI MOUSE,ELECTRON MICROSCOPY,transgenic mouse,AD,
8ot1,Abetaa4,0,#e55b5b,10.0,#83e55b,, UNSEEDED ABETA(1-40) AMYLOID FIBRIL (MORPHOLOGY I),ELECTRON MICROSCOPY,,AD,
8ot3,Abetaa4,0,#e55b5b,10.0,#83e55b,, UNSEEDED ABETA(1-40) AMYLOID FIBRIL (MORPHOLOGY II),ELECTRON MICROSCOPY,,AD,
8ot4,Abetaa4,0,#e55b5b,13.0,#5be57b,, SEEDED ABETA(1-40) AMYLOID FIBRIL (MORPHOLOGY I),ELECTRON MICROSCOPY,,AD,
8otf,Abeta,0,#e55b5b,3.0,#e5a25b,, AB TYPEII FILAMENT FROM GUAM ALS/PDC,ELECTRON MICROSCOPY,+,ALS/PDC,
8ovk,Abetaa4,0,#e55b5b,10.0,#83e55b,, LIPIDIC AMYLOID-BETA(1-40) FIBRIL - POLYMORPH L1,ELECTRON MICROSCOPY,,AD,
8ovm,Abetaa4,0,#e55b5b,15.0,#5be5aa,, LIPIDIC AMYLOID-BETA(1-40) FIBRIL - POLYMORPH L2,ELECTRON MICROSCOPY,,AD,
8owd,Abetaa4,0,#e55b5b,15.0,#5be5aa,, LIPIDIC AMYLOID-BETA(1-40) FIBRIL - POLYMORPH L3,ELECTRON MICROSCOPY,recombinant,,
8owe,Abetaa4,0,#e55b5b,15.0,#5be5aa,, LIPIDIC AMYLOID-BETA(1-40) FIBRIL - POLYMORPH L2-L3,ELECTRON MICROSCOPY,recombinant,,
8owj,Abetaa4,0,#e55b5b,15.0,#5be5aa,NO, LIPIDIC AMYLOID-BETA(1-40) FIBRIL - POLYMORPH L2-L2,ELECTRON MICROSCOPY,,,
8owk,Abetaa4,0,#e55b5b,15.0,#5be5aa,, LIPIDIC AMYLOID-BETA(1-40) FIBRIL - POLYMORPH L3-L3,ELECTRON MICROSCOPY,,,
8qn6,Abetaa4,0,#e55b5b,13.0,#5be57b,, AMYLOID-BETA 40 TYPE 2 FILAMENT FROM THE LEPTOMENINGES OF INDIVIDUAL WITH ALZHEIMER'S DISEASE AND CEREBRAL AMYLOID ANGIOPATHY,ELECTRON MICROSCOPY,+,"AD,CAA",
8qn7,Abeta40,0,#e55b5b,13.0,#5be57b,,Amyloid-beta 40 type 1 filament from the leptomeninges of individual with Alzheimer's disease and cerebral amyloid angiopathy,ELECTRON MICROSCOPY,+,"AD,CAA",
8qn7,Abeta40,0,#e55b5b,13.0,#5be57b,,AMYLOID-BETA  40 TYPE 1 FILAMENT FROM THE LEPTOMENINGES OF INDIVIDUAL WITH ALZHEIMER'S DISEASE AND CEREBRAL AMYLOID ANGIOPATHY,ELECTRON MICROSCOPY,+,"AD,CAA",
8sej,Abeta42,0,#e55b5b,3.0,#e5a25b,, TYPE I BETA-AMYLOID 42 FILAMENTS FROM DOWN SYNDROME,ELECTRON MICROSCOPY,+,DS,
8sek,Abeta40,0,#e55b5b,3.0,#e5a25b,, TYPE IIIA BETA-AMYLOID 40 FILAMENTS FROM DOWN SYNDROME,ELECTRON MICROSCOPY,+,DS,
8sel,Abeta40,0,#e55b5b,-1.0,#7f7f7f,, TYPE IIIB BETA-AMYLOID 40 FILAMENTS FROM DOWN SYNDROME,ELECTRON MICROSCOPY,+,DS,
2m5n,TTR,1,#e57c5b,-1.0,#7f7f7f,,Atomic-resolution structure of a cross-beta protofilament,SOLID-STATE NMR,-,,P
7qkz,Tau,1,#e57c5b,-1.0,#7f7f7f,,In vitro assembled 305-379 tau filaments (27a),ELECTRON MICROSCOPY,,AD,
5o3l,Tau,2,#e59d5b,0.0,#e55b5b,x,Paired helical filament in Alzheimer's disease brain,ELECTRON MICROSCOPY,+,Alzheimer's disease,P
5o3o,Tau,2,#e59d5b,0.0,#e55b5b,x,Pronase-treated paired helical filament in Alzheimer's disease brain,ELECTRON MICROSCOPY,+,Alzheimer's disease,P
5o3t,Tau,2,#e59d5b,0.0,#e55b5b,x,Straight filament in Alzheimer's disease brain,ELECTRON MICROSCOPY,+,Alzheimer's disease,P
6hre,Tau,2,#e59d5b,0.0,#e55b5b,x,Paired helical filament from sporadic Alzheimer's disease brain,ELECTRON MICROSCOPY,+,Sporadic Alzheimer's Disease,P
6hrf,Tau,2,#e59d5b,0.0,#e55b5b,x,Straight filament from sporadic Alzheimer's disease brain,ELECTRON MICROSCOPY,+,Sporadic Alzheimer's Disease,P
6nwp,Tau,2,#e59d5b,0.0,#e55b5b,x,Chronic traumatic encephalopathy Type I Tau filament,ELECTRON MICROSCOPY,+,chronic traumatic encephalopathy ,P
6nwq,Tau,2,#e59d5b,0.0,#e55b5b,x,Chronic traumatic encephalopathy Type II Tau filament,ELECTRON MICROSCOPY,+,chronic traumatic encephalopathy ,P
6r4r,PI3,2,#e59d5b,-1.0,#7f7f7f,,Cryo-EM Structure of the PI3-Kinase SH3 Domain Amyloid Fibril,ELECTRON MICROSCOPY,,,
7mkf,Tau,2,#e59d5b,0.0,#e55b5b,,Paired helical tau filament extracted from PrP-CAA Patient brain tissue | tau filament | PHF Tau,ELECTRON MICROSCOPY,+,PrP-CAA ,
7mkg,Tau,2,#e59d5b,0.0,#e55b5b,,Straight tau filament extracted from PrP-CAA Patient brain tissue | tau filament | SF Tau,ELECTRON MICROSCOPY,+,PrP-CAA ,
7mkh,Tau,2,#e59d5b,0.0,#e55b5b,,Paired helical tau filament extracted from GSS Patient brain tissue | tau filament from Gerstmann Straussler Scheinker disease | PHF Tau,ELECTRON MICROSCOPY,+,Gerstmann Straussler Scheinker disease,
7nrq,Tau,2,#e59d5b,0.0,#e55b5b,,Paired helical filament from primary age-related tauopathy brain,ELECTRON MICROSCOPY,+,primary age-related tauopathy,P
7nrs,Tau,2,#e59d5b,0.0,#e55b5b,,Conformation 1 of straight filament from primary age-related tauopathy brain,ELECTRON MICROSCOPY,+,primary age-related tauopathy,P
7nrt,Tau,2,#e59d5b,0.0,#e55b5b,,Conformation 2 of straight filament from primary age-related tauopathy brain,ELECTRON MICROSCOPY,+,primary age-related tauopathy,P
7nrv,Tau,2,#e59d5b,0.0,#e55b5b,,Paired helical filament from Alzheimer's disease with PET ligand APN-1607,ELECTRON MICROSCOPY,APN-1607 bound,Alzheimer's disease,P
7nrx,Tau,2,#e59d5b,0.0,#e55b5b,,Straight filament from Alzheimer's disease with PET ligand APN-1607,ELECTRON MICROSCOPY,APN-1607 bound,Alzheimer's disease,P
7qjv,Tau,2,#e59d5b,4.0,#e5ba5b,,In vitro assembled tau filaments into Quadruple Helical Filaments type 1 (2c),ELECTRON MICROSCOPY,,AD,
7qjw,Tau,2,#e59d5b,0.0,#e55b5b,,In vitro assembled tau filaments with structures like chronic traumatic encephalopathy type II (8a),ELECTRON MICROSCOPY,,AD,
7qjx,Tau,2,#e59d5b,4.0,#e5ba5b,,"In vitro assembled 297-394 tau filaments, 700 rpm (34b)",ELECTRON MICROSCOPY,,AD,
7qjy,Tau,2,#e59d5b,4.0,#e5ba5b,,In vitro assembled 266/297 - 391 tau filaments with LiCl (9a),ELECTRON MICROSCOPY,,AD,
7qjz,Tau,2,#e59d5b,0.0,#e55b5b,,In vitro assembled 266/297 - 391 tau filaments with LiCl (9b),ELECTRON MICROSCOPY,,AD,
7qk1,Tau,2,#e59d5b,0.0,#e55b5b,,In vitro assembled 297-394 tau filaments in PBS (35d),ELECTRON MICROSCOPY,,AD,
7qk2,Tau,2,#e59d5b,4.0,#e5ba5b,,In vitro assembled 300-391 tau filaments in PBS (36a),ELECTRON MICROSCOPY,,AD,
7qk5,Tau,2,#e59d5b,0.0,#e55b5b,,In vitro assembled 266/297 - 391 tau filaments with KCl (10a),ELECTRON MICROSCOPY,,AD,
7qki,Tau,2,#e59d5b,0.0,#e55b5b,,In vitro assembled 297-408 S396D S400D T403D S404D tau filaments (42a),ELECTRON MICROSCOPY,,AD,
7qkj,Tau,2,#e59d5b,4.0,#e5ba5b,,In vitro assembled 266/297 - 391 tau filaments with MgCl2 and NaCl (14b),ELECTRON MICROSCOPY,,AD,
7qkk,Tau,2,#e59d5b,0.0,#e55b5b,,"In vitro assembled 258-391 tau filaments with phosphoglycerate, 700 rpm (39a)",ELECTRON MICROSCOPY,,AD,
7qkl,Tau,2,#e59d5b,4.0,#e5ba5b,,In vitro assembled 266/297 - 391 tau filaments with ZnCl2 (11a),ELECTRON MICROSCOPY,,AD,
7qku,Tau,2,#e59d5b,0.0,#e55b5b,,in vitro assembled 266/297 - 391 tau filaments with MgCl2 and NaCl (14a),ELECTRON MICROSCOPY,,AD,
7qkv,Tau,2,#e59d5b,0.0,#e55b5b,,In vitro assembled tau filaments with MgSO4 and NaCl (15a),ELECTRON MICROSCOPY,,AD,
7qkx,Tau,2,#e59d5b,0.0,#e55b5b,,In vitro assembled 266/297 - 391 tau filaments with MgSO4 and NaCl (15b),ELECTRON MICROSCOPY,,AD,
7ql0,Tau,2,#e59d5b,0.0,#e55b5b,,In vitro assembled 266/297 - 391 tau filaments with MgSO4 and NaCl (15c),ELECTRON MICROSCOPY,,AD,
7ql1,Tau,2,#e59d5b,0.0,#e55b5b,,In vitro assembled 266-391 tau filaments in PBS (23a),ELECTRON MICROSCOPY,,AD,
7ql3,Tau,2,#e59d5b,4.0,#e5ba5b,,In vitro assembled 266/297 - 391 tau filaments with NaCl (8b),ELECTRON MICROSCOPY,,AD,
7ql4,Tau,2,#e59d5b,0.0,#e55b5b,,In vitro assembled tau filaments with structures like Paired Helical Filaments from Alzheimer's Disease,ELECTRON MICROSCOPY,,AD,
7r4t,Tau,2,#e59d5b,4.0,#e5ba5b,,In vitro assembled 266/297 - 391 tau filaments with NaHCO3 and NaCl (16a),ELECTRON MICROSCOPY,,AD,
7r5h,Tau,2,#e59d5b,4.0,#e5ba5b,,In vitro assembled 266/297 - 391 tau filaments with KCl (10b),ELECTRON MICROSCOPY,,AD,
7upe,Tau,2,#e59d5b,0.0,#e55b5b,,Tau Paired Helical Filament from Alzheimer's Disease not incubated with EGCG,ELECTRON MICROSCOPY,+,AD,
7upf,Tau,2,#e59d5b,0.0,#e55b5b,,Tau Paired Helical Filament from Alzheimer's Disease incubated 1 hr. with EGCG,ELECTRON MICROSCOPY,+,AD,
7upg,Tau,2,#e59d5b,0.0,#e55b5b,,Tau Paired Helical Filament from Alzheimer's Disease incubated with EGCG for 3 hours,ELECTRON MICROSCOPY,+,AD ,
7ymn,Tau,2,#e59d5b,0.0,#e55b5b,,Cryo-EM structure of in vitro PHF fibril,ELECTRON MICROSCOPY,,AD,
8azu,Tau,2,#e59d5b,0.0,#e55b5b,,Paired helical tau filaments from high-spin supernatants of aqueous extracts from Alzheimer's disease brains | PHF Tau,ELECTRON MICROSCOPY,+,"AD,PSP,FTD",
8bgs,Tau,2,#e59d5b,0.0,#e55b5b,,Tau Paired Helical Filament from Extracellular Vesicles from Alzheimer's disease brain,ELECTRON MICROSCOPY,+,"AD,PSP,FTD",
8bgv,Tau,2,#e59d5b,0.0,#e55b5b,,Tau Paired Helical Filament from Cellular Fraction of Alzheimer's disease brain,ELECTRON MICROSCOPY,+,"AD,PSP,FTD",
8byn,Tau,2,#e59d5b,0.0,#e55b5b,,,,,,
8caq,Tau,2,#e59d5b,0.0,#e55b5b,, STRUCTURE OF TAU FILAMENTS TYPE I FROM SUBACUTE SCLEROSING PANENCEPHALITIS,ELECTRON MICROSCOPY,+,"AD,PSP,FTD",
8cax,Tau,2,#e59d5b,0.0,#e55b5b,, STRUCTURE OF TAU FILAMENTS TYPE II FROM SUBACUTE SCLEROSING PANENCEPHALITIS,ELECTRON MICROSCOPY,+,SSPE,
8ore,Tau,2,#e59d5b,0.0,#e55b5b,,Cryo-EM structure of SH-SY5Y seeded with filaments from Alzheimer's Disease,ELECTRON MICROSCOPY,+,"AD,PSP,FTD",
8ot6,Tau,2,#e59d5b,0.0,#e55b5b,, CTE TYPEI TAU FILAMENT FROM GUAM ALS/PDC,ELECTRON MICROSCOPY,+,ALS/PDC,
8ot9,Tau,2,#e59d5b,0.0,#e55b5b,, CTE TYPEIII TAU FILAMENT FROM GUAM ALS/PDC,ELECTRON MICROSCOPY,+,"AD,PSP,FTD",
8otc,Tau,2,#e59d5b,0.0,#e55b5b,, CTE TYPEII TAU FILAMENT FROM GUAM ALS/PDC,ELECTRON MICROSCOPY,+,ALS/PDC,
8otg,Tau,2,#e59d5b,0.0,#e55b5b,, CTE TYPEI TAU FILAMENT FROM KII ALS/PDC,ELECTRON MICROSCOPY,+,ALS/PDC,
8oth,Tau,2,#e59d5b,0.0,#e55b5b,, TYPEII TAU FILAMENT FROM KII ALS/PDC,ELECTRON MICROSCOPY,+,ALS/PDC,
8oti,Tau,2,#e59d5b,0.0,#e55b5b,, CTE TYPEIII TAU FILAMENT,ELECTRON MICROSCOPY,+,ALS/PDC,
8otj,Tau,2,#e59d5b,0.0,#e55b5b,, PHF TAU FILAMENT FROM KII ALS/PDC,ELECTRON MICROSCOPY,+,"ALS,PDC",
8q27,Tau,2,#e59d5b,4.0,#e5ba5b,, TAU: AD-MIA1,ELECTRON MICROSCOPY,,"AD,PSP,FTD",
8q2j,Tau,2,#e59d5b,0.0,#e55b5b,, TAU - AD-MIA2,ELECTRON MICROSCOPY,,AD,
8q2k,Tau,2,#e59d5b,4.0,#e5ba5b,, TAU - AD-MIA3,ELECTRON MICROSCOPY,,AD,
8q2l,Tau,2,#e59d5b,4.0,#e5ba5b,, TAU - AD-MIA4,ELECTRON MICROSCOPY,,AD,
8q7f,Tau,2,#e59d5b,4.0,#e5ba5b,, TAU - AD-MIA5,ELECTRON MICROSCOPY,,AD,
8q7l,Tau,2,#e59d5b,4.0,#e5ba5b,, TAU - AD-MIA6 (TAU INTERMEDIATE AMYLOID),ELECTRON MICROSCOPY,recombinant,,
8q7m,Tau,2,#e59d5b,4.0,#e5ba5b,, TAU - AD-MIA7 (TAU INTERMEDIATE AMYLOID),ELECTRON MICROSCOPY,recombinant,,
8q7p,Tau,2,#e59d5b,4.0,#e5ba5b,, TAU - AD-MIA8 (INTERMEDIATE AMYLOID),ELECTRON MICROSCOPY,,AD,
8q7t,Tau,2,#e59d5b,4.0,#e5ba5b,, TAU - AD-MIA11,ELECTRON MICROSCOPY,,AD,
8q88,Tau,2,#e59d5b,0.0,#e55b5b,, TAU - AD-LIA2 (TAU INTERMEDIATE AMYLOID),ELECTRON MICROSCOPY,,AD,
8q8c,Tau,2,#e59d5b,4.0,#e5ba5b,, TAU - AD-MIA10 (INTERMEDIATE AMYLOID),ELECTRON MICROSCOPY,recombinant,,
8q8d,Tau,2,#e59d5b,0.0,#e55b5b,, TAU - AD-LIA6 (TAU INTERMEDIATE AMYLOID),ELECTRON MICROSCOPY,recombinant,,
8q8e,Tau,2,#e59d5b,4.0,#e5ba5b,, TAU - AD-LIA4 (TAU INTERMEDIATE AMYLOID),ELECTRON MICROSCOPY,recombinant,,
8q8f,Tau,2,#e59d5b,4.0,#e5ba5b,, TAU - AD-LIA5 (TAU INTERMEDIATE AMYLOID),ELECTRON MICROSCOPY,,AD,
8q8l,Tau,2,#e59d5b,0.0,#e55b5b,, TAU - AD-LIA7 (TAU INTERMEDIATE AMYLOID),ELECTRON MICROSCOPY,,AD,
8q8m,Tau,2,#e59d5b,0.0,#e55b5b,, TAU - AD-PHF LONG CROSSOVER,ELECTRON MICROSCOPY,,AD,
8q8r,Tau,2,#e59d5b,0.0,#e55b5b,, TAU - AD-PHF,ELECTRON MICROSCOPY,,AD,
8q8s,Tau,2,#e59d5b,0.0,#e55b5b,, TAU - AD-THF,ELECTRON MICROSCOPY,recombinant,,
8q8u,Tau,2,#e59d5b,4.0,#e5ba5b,, TAU - CTE-MIA1 (TAU INTERMEDIATE AMYLOID),ELECTRON MICROSCOPY,recombinant,,
8q8v,Tau,2,#e59d5b,4.0,#e5ba5b,, TAU - CTE-MIA3,ELECTRON MICROSCOPY,recombinant,,
8q8w,Tau,2,#e59d5b,4.0,#e5ba5b,, TAU - CTE-MIA4 (TAU INTERMEDIATE AMYLOID),ELECTRON MICROSCOPY,recombinant,,
8q8x,Tau,2,#e59d5b,4.0,#e5ba5b,, TAU - CTE-MIA5 (TAU INTERMEDIATE AMYLOID),ELECTRON MICROSCOPY,,AD,
8q8y,Tau,2,#e59d5b,4.0,#e5ba5b,, TAU - CTE-MIA6 (TAU INTERMEDIATE AMYLOID),ELECTRON MICROSCOPY,,AD,
8q8z,Tau,2,#e59d5b,4.0,#e5ba5b,, TAU - CTE-MIA7 (TAU INTERMEDIATE AMYLOID),ELECTRON MICROSCOPY,,AD,
8q97,Tau,2,#e59d5b,4.0,#e5ba5b,, TAU - CTE-MIA9 (TAU INTERMEDIATE AMYLOID),ELECTRON MICROSCOPY,,AD,
8q98,Tau,2,#e59d5b,4.0,#e5ba5b,, TAU - CTE-MIA8 (TAU INTERMEDIATE AMYLOID),ELECTRON MICROSCOPY,,AD,
8q99,Tau,2,#e59d5b,4.0,#e5ba5b,, TAU - CTE-MIA10 (TAU INTERMEDIATE AMYLOID),ELECTRON MICROSCOPY,,AD,
8q9a,Tau,2,#e59d5b,0.0,#e55b5b,, TAU - CTE-MIA11 (TAU INTERMEDIATE AMYLOID),ELECTRON MICROSCOPY,,AD,
8q9b,Tau,2,#e59d5b,4.0,#e5ba5b,, TAU - CTE-MIA13 (TAU INTERMEDIATE AMYLOID),ELECTRON MICROSCOPY,,AD,
8q9c,Tau,2,#e59d5b,4.0,#e5ba5b,, TAU - CTE-MIA14 (TAU INTERMEDIATE AMYLOID),ELECTRON MICROSCOPY,,AD,
8q9d,Tau,2,#e59d5b,4.0,#e5ba5b,, TAU - CTE-MIA15 (TAU INTERMEDIATE AMYLOID),ELECTRON MICROSCOPY,recombinant,,
8q9e,Tau,2,#e59d5b,4.0,#e5ba5b,, TAU - CTE-MIA18 (TAU INTERMEDIATE AMYLOID),ELECTRON MICROSCOPY,recombinant,,
8q9f,Tau,2,#e59d5b,0.0,#e55b5b,, TAU - CTE-LIA3 (TAU INTERMEDIATE AMYLOID),ELECTRON MICROSCOPY,recombinant,,
8q9g,Tau,2,#e59d5b,0.0,#e55b5b,, TAU - CTE-LIA5 (TAU INTERMEDIATE AMYLOID),ELECTRON MICROSCOPY,recombinant,,
8q9h,Tau,2,#e59d5b,0.0,#e55b5b,, TAU - CTE-LIA4 (TAU INTERMEDIATE AMYLOID),ELECTRON MICROSCOPY,,AD,
8q9i,Tau,2,#e59d5b,0.0,#e55b5b,, TAU - CTE-LIA6 (TAU INTERMEDIATE AMYLOID),ELECTRON MICROSCOPY,,AD,
8q9j,Tau,2,#e59d5b,0.0,#e55b5b,, TAU - CTE-LIA7 (TAU INTERMEDIATE AMYLOID),ELECTRON MICROSCOPY,,AD,
8q9k,Tau,2,#e59d5b,0.0,#e55b5b,, TAU - CTE-LIA13 (TAU INTERMEDIATE AMYLOID),ELECTRON MICROSCOPY,,AD,
8q9l,Tau,2,#e59d5b,0.0,#e55b5b,, TAU - CTE-LIA14 (TAU INTERMEDIATE AMYLOID),ELECTRON MICROSCOPY,,AD,
8q9m,Tau,2,#e59d5b,0.0,#e55b5b,, TAU - CTE-TYPE I (TAU INTERMEDIATE AMYLOID),ELECTRON MICROSCOPY,,AD,
8q9o,Tau,2,#e59d5b,0.0,#e55b5b,NO, CTE TAU INTERMEDIATE AMYLOID (LIA-17),ELECTRON MICROSCOPY,,,
8qcp,Tau,2,#e59d5b,0.0,#e55b5b,, TAU - AD-LIA8 (TAU INTERMEDIATE AMYLOID),ELECTRON MICROSCOPY,,AD,
8qcr,Tau,2,#e59d5b,4.0,#e5ba5b,, TAU - CTE-MIA12 (TAU INTERMEDIATE AMYLOID),ELECTRON MICROSCOPY,recombinant,,
8qjj,Tau,2,#e59d5b,0.0,#e55b5b,, CTE TYPE II (TAU INTERMEDIATE AMYLOID),ELECTRON MICROSCOPY,recombinant,,
8qv8,Human lysozyme fibrils ,2,#e59d5b,-1.0,#7f7f7f,, CRYO-EM STRUCTURE OF THE HEAT-IRREVERSIBLE AMYLOID FIBRILS OF HEN EGG- WHITE LYSOZYME,ELECTRON MICROSCOPY,,,
8seh,Tau,2,#e59d5b,0.0,#e55b5b,, PHF TAU FROM DOWN SYNDROME,ELECTRON MICROSCOPY,+,DS,
8sei,Tau,2,#e59d5b,0.0,#e55b5b,, SF TAU FROM DOWN SYNDROME,ELECTRON MICROSCOPY,+,DS,
8uq7,Prp,2,#e59d5b,0.0,#e55b5b,, ALZHEIMER'S DISEASE PHF COMPLEXED WITH PET LIGAND MK-6240,ELECTRON MICROSCOPY,,"AD,PSP,FTD",
8zwl,Tau,2,#e59d5b,0.0,#e55b5b,,,,,,
8zwm,Tau,2,#e59d5b,4.0,#e5ba5b,, HEPARIN BOUND TAU FIBRIL POLYMORPH 4,ELECTRON MICROSCOPY,,,
8zx6,Tau,2,#e59d5b,0.0,#e55b5b,, HEPARIN BOUND TAU FIBRIL PHF,ELECTRON MICROSCOPY,,"AD,PSP,FTD",
9bbl,Tau,2,#e59d5b,0.0,#e55b5b,, THF FILAMENT GENERATED FROM 4E-TAU(297-407) UNDER NEUTRAL MG2+ CONDITION,ELECTRON MICROSCOPY,,AD,
9bbm,Tau,2,#e59d5b,0.0,#e55b5b,, PHF FILAMENT GENERATED FROM 4E-TAU(297-407) UNDER NEUTRAL MG2+ CONDITION,ELECTRON MICROSCOPY,,AD,
9bxi,Tau,2,#e59d5b,0.0,#e55b5b,, PAIRED HELICAL FILAMENT OF TAU AMYLOIDS FOUND IN DOWN SYNDROME INDIVIDUALS,ELECTRON MICROSCOPY,+,"AD,PSP,FTD, Down syndrome",
9bxo,Tau,2,#e59d5b,0.0,#e55b5b,, STRAIGHT FILAMENT OF TAU AMYLOIDS FOUND IN DOWN SYNDROME INDIVIDUALS,ELECTRON MICROSCOPY,+,down syndrome,
9bxq,Tau,2,#e59d5b,0.0,#e55b5b,, PAIRED HELICAL FILAMENTS PURIFIED FROM DOWN SYNDROME INDIVIDUAL BRAIN TISSUE APPLIED TO GRAPHENE OXIDE ANTIBODY AFFINITY GRIDS,ELECTRON MICROSCOPY,+,Down Syndrome,
9bxr,Tau,2,#e59d5b,0.0,#e55b5b,, STRAIGHT FILAMENTS PURIFIED FROM DOWN SYNDROME INDIVIDUAL BRAIN TISSUE APPLIED TO GRAPHENE OXIDE ANTIBODY AFFINITY GRIDS,ELECTRON MICROSCOPY,+,Down Syndrome,
9cgx,Tau,2,#e59d5b,0.0,#e55b5b,, ALZHEIMER'S DISEASE SEEDED 0N3R TAU FIBRILS,ELECTRON MICROSCOPY,+,"AD,PSP,FTD",
9cgz,Tau,2,#e59d5b,0.0,#e55b5b,, ALZHEIMER'S DISEASE SEEDED MIXED 0N4R AND 0N3R TAU FIBRILS,ELECTRON MICROSCOPY,AD tau-seeded mixed 0N4R and 0N3R tau,AD,
9eog,Tau,2,#e59d5b,0.0,#e55b5b,, PHF TYPE TAU FILAMENT FROM R406W MUTANT,ELECTRON MICROSCOPY,+,"FTD,PD",
9eoh,Tau,2,#e59d5b,0.0,#e55b5b,X, PHF TYPE TAU FILAMENT FROM IN VITRO V337M MUTANT,ELECTRON MICROSCOPY,+,FTD,
9erm,Tau,2,#e59d5b,0.0,#e55b5b,, CTE TYPE I TAU FILAMENT FROM VACUOLAR TAUOPATHY,ELECTRON MICROSCOPY,+,"AD,PSP,FTD",
9ern,Tau,2,#e59d5b,0.0,#e55b5b,,,,,,
9ero,Tau,2,#e59d5b,0.0,#e55b5b,, CTE TYPE III TAU FILAMENT FROM VACUOLAR TAUOPATHY,ELECTRON MICROSCOPY,,"AD,PSP,FTD",
9h5g,Tau,2,#e59d5b,0.0,#e55b5b,, PAD12 0N3R:0N4R TAU PHF,ELECTRON MICROSCOPY,not publised article!,,
9h5j,Tau,2,#e59d5b,0.0,#e55b5b,, PAD12 0N3R TAU PHF SEEDED BY AD,ELECTRON MICROSCOPY,,"AD,PSP,FTD",
9hbb,Tau,2,#e59d5b,0.0,#e55b5b,, RECOMBINANT TAU PHF FILAMENTS (PEPTIDE SYNTHESIS 291-391),ELECTRON MICROSCOPY,,AD,
6cu7,Asyn,3,#e5be5b,1.0,#e5735b,x,Alpha Synuclein fibril formed by full length protein - Rod Polymorph,ELECTRON MICROSCOPY,-,,P
6cu8,Asyn,3,#e5be5b,-1.0,#7f7f7f,x,Alpha Synuclein fibril formed by full length protein - Twister Polymorph,ELECTRON MICROSCOPY,-,,P
6flt,Asyn,3,#e5be5b,1.0,#e5735b,x,Structure of alpha-synuclein fibrils,ELECTRON MICROSCOPY,-,,P
6h6b,Asyn,3,#e5be5b,1.0,#e5735b,x,Structure of alpha-synuclein fibrils,ELECTRON MICROSCOPY, ,,P
6l1t,Asyn,3,#e5be5b,-1.0,#7f7f7f,,Cryo-EM structure of phosphorylated Tyr39 a-synuclein amyloid fibril,ELECTRON MICROSCOPY,Phosphorylated structure,,
6lrq,Asyn,3,#e5be5b,1.0,#e5735b,x,Cryo-EM structure of A53T alpha-synuclein amyloid fibril,ELECTRON MICROSCOPY,-,,
6osj,Asyn,3,#e5be5b,1.0,#e5735b,x,Cryo-EM structure of the N-terminally acetylated full length alpha-synuclein fibrils (Ac1-140),ELECTRON MICROSCOPY,-,,
6osl,Asyn,3,#e5be5b,1.0,#e5735b,x,Cryo-EM structure of the N-terminally acetylated C-terminal Alpha-synuclein truncation Ac1-122,ELECTRON MICROSCOPY,-,,
6osm,Asyn,3,#e5be5b,1.0,#e5735b,x,Cryo-EM structure of the N-terminally acetylated C-terminal Alpha-synuclein truncation Ac1-103,ELECTRON MICROSCOPY,-,,
6peo,Asyn,3,#e5be5b,1.0,#e5735b,x,Cryo-EM structure of alpha-synuclein H50Q Narrow Fibril,ELECTRON MICROSCOPY,-,,
6pes,Asyn,3,#e5be5b,1.0,#e5735b,x,Cryo-EM structure of alpha-synuclein H50Q Wide Fibril,ELECTRON MICROSCOPY,-,,
6rt0,Asyn,3,#e5be5b,2.0,#e58b5b,x,cryo-em structure of alpha-synuclein fibril polymorph 2A,ELECTRON MICROSCOPY,-,,
6rtb,Asyn,3,#e5be5b,2.0,#e58b5b,x,cryo-em structure of alpha-synuclein fibril polymorph 2B,ELECTRON MICROSCOPY,-,,
6sst,Asyn,3,#e5be5b,2.0,#e58b5b,x,cryo-em structure of alpha-synuclein fibril polymorph 2B,ELECTRON MICROSCOPY,-,,
6ssx,Asyn,3,#e5be5b,2.0,#e58b5b,x,cryo-em structure of alpha-synuclein fibril polymorph 2A,ELECTRON MICROSCOPY,-,,
6ufr,Asyn,3,#e5be5b,2.0,#e58b5b,x,Structure of recombinantly assembled E46K alpha-synuclein fibrils,ELECTRON MICROSCOPY,-,,
6xyo,Asyn,3,#e5be5b,1.0,#e5735b,x,Multiple system atrophy Type I alpha-synuclein filament,ELECTRON MICROSCOPY,+,Multiple system atrophy,
6xyp,Asyn,3,#e5be5b,1.0,#e5735b,x,Multiple system atrophy Type II-1 alpha-synuclein filament,ELECTRON MICROSCOPY,+,Multiple system atrophy,
6xyq,Asyn,3,#e5be5b,1.0,#e5735b,x,Multiple system atrophy Type II-2 alpha-synuclein filament,ELECTRON MICROSCOPY,+,Multiple system atrophy,
7c1d,Asyn,3,#e5be5b,9.0,#9ae55b,,Cryo-EM structure of the hE46K cross-seeded hWT alpha-synuclein fibril,ELECTRON MICROSCOPY,,,
7lc9,Asyn,3,#e5be5b,26.0,#9a5be5,,Cryo-EM structure of the N-terminal alpha-synuclein truncation 41-140,ELECTRON MICROSCOPY,-,,
7nca,Asyn,3,#e5be5b,2.0,#e58b5b,,Type 1A alpha-synuclein filament seeded in vitro by filaments purified from Multiple Systems Atrophy Case 2,ELECTRON MICROSCOPY,In vitro seeded extracted material,Seeded by Multiple system atrophy,P
7ncg,Asyn,3,#e5be5b,2.0,#e58b5b,,Type 2A alpha-synuclein filament seeded in vitro by filaments purified from Multiple Systems Atrophy Case 2,ELECTRON MICROSCOPY,In vitro seeded extracted material,Seeded by Multiple system atrophy,P
7nch,Asyn,3,#e5be5b,2.0,#e58b5b,,Type 1B alpha-synuclein filament seeded in vitro by filaments purified from Multiple Systems Atrophy Case 1,ELECTRON MICROSCOPY,In vitro seeded extracted material,Seeded by Multiple system atrophy,P
7nci,Asyn,3,#e5be5b,2.0,#e58b5b,,Type 2B alpha-synuclein filament seeded in vitro by filaments purified from Multiple Systems Atrophy Case 1,ELECTRON MICROSCOPY,In vitro seeded extracted material,Seeded by Multiple system atrophy,P
7ncj,Asyn,3,#e5be5b,2.0,#e58b5b,,Type 2AB alpha-synuclein filament seeded in vitro by filaments purified from Multiple Systems Atrophy Case 1,ELECTRON MICROSCOPY,In vitro seeded extracted material,Seeded by Multiple system atrophy,P
7nck,Asyn,3,#e5be5b,1.0,#e5735b,,Type 3 alpha-synuclein filament seeded in vitro by filaments purified from Multiple Systems Atrophy Case 5,ELECTRON MICROSCOPY,In vitro seeded extracted material,Seeded by Multiple system atrophy,P
7ozg,Asyn,3,#e5be5b,2.0,#e58b5b,,"PMCA-amplified alpha-synuclein fibril polymorph, Parkinson's Disease patient-derived seeds",ELECTRON MICROSCOPY,+,PD,
7ozh,Asyn,3,#e5be5b,2.0,#e58b5b,,"PMCA-amplified alpha-synuclein fibril polymorph, Multiple System Atrophy patient-derived seeds",ELECTRON MICROSCOPY,+,MSA,
7uak,Asyn,3,#e5be5b,1.0,#e5735b,,,,,,
7v47,Asyn,3,#e5be5b,2.0,#e58b5b,,Type 1A alpha-synuclein fibril seeded by cerebrospinal fluid from a preclinical Parkinson's disease patient,ELECTRON MICROSCOPY,+,PD ,
7v48,Asyn,3,#e5be5b,2.0,#e58b5b,,Type 1D alpha-synuclein fibril seeded by cerebrospinal fluid from a postmortal Parkinson's disease patient,ELECTRON MICROSCOPY,+,PD ,
7v49,Asyn,3,#e5be5b,1.0,#e5735b,,Type 4 alpha-synuclein fibril seeded by cerebrospinal fluid from a postmortal Parkinson's disease patient,ELECTRON MICROSCOPY,+,PD ,
7v4a,Asyn,3,#e5be5b,2.0,#e58b5b,,Heparin-induced alpha-synuclein fibrils polymorph 1,ELECTRON MICROSCOPY,,PD ,
7v4b,Asyn,3,#e5be5b,2.0,#e58b5b,,Heparin-induced alpha-synuclein fibrils polymorph 3,ELECTRON MICROSCOPY,,PD ,
7v4c,Asyn,3,#e5be5b,-1.0,#7f7f7f,,Heparin-induced alpha-synuclein fibrils polymorph 4,ELECTRON MICROSCOPY,,PD ,
7v4d,Asyn,3,#e5be5b,1.0,#e5735b,,Heparin-remodelled alpha-synuclein fibrils,ELECTRON MICROSCOPY,,PD ,
7wmm,Asyn,3,#e5be5b,1.0,#e5735b,,alpha-synuclein fibril-F0502B complex,ELECTRON MICROSCOPY,,PD,
7wnz,Asyn,3,#e5be5b,1.0,#e5735b,,CryoEM structure of human alpha-synuclein A53T fibril,ELECTRON MICROSCOPY,,PD,
7wo0,Asyn,3,#e5be5b,2.0,#e58b5b,,CryoEM structure of human alpha-synuclein A53T fibril induced by calcium ions,ELECTRON MICROSCOPY,,PD,
7xjx,Asyn,3,#e5be5b,1.0,#e5735b,,The cryo-EM structure of Fe3+ induced alpha-syn fibril,ELECTRON MICROSCOPY,,PD,
7xo0,Asyn,3,#e5be5b,2.0,#e58b5b,,Minor polymorph in alpha-synuclein fibril seeded by cerebrospinal fluid from a mid-to-late stage (mid-PD-1) Parkinson's disease patient,ELECTRON MICROSCOPY,+,PD,
7xo1,Asyn,3,#e5be5b,2.0,#e58b5b,,Major polymorph in alpha-synuclein fibril seeded by cerebrospinal fluid from a mid-to-late stage (mid-PD-1) Parkinson's disease patient,ELECTRON MICROSCOPY,+,PD,
7xo2,,3,#e5be5b,2.0,#e58b5b,,,,,,
7xo3,Asyn,3,#e5be5b,2.0,#e58b5b,,Type 1C alpha-synuclein fibril seeded by cerebrospinal fluid from a mid-to-late stage (mid-PD-4) Parkinson's disease patient,ELECTRON MICROSCOPY,+,PD ,
7yk2,Asyn,3,#e5be5b,1.0,#e5735b,,Cryo-EM structure of Apo-alpha-syn fibril,ELECTRON MICROSCOPY,,"PD,LBD,MSA",
7yk8,Asyn,3,#e5be5b,-1.0,#7f7f7f,,Cryo-EM structure of dLAG3-alpha-syn fibril,ELECTRON MICROSCOPY,,"PD,LBD,MSA",
7ynf,Asyn,3,#e5be5b,1.0,#e5735b,, CCA-BOUND ALPHA-SYNUCLEIN FIBRILS,ELECTRON MICROSCOPY,,,
7yng,Asyn,3,#e5be5b,1.0,#e5735b,, CR-BOUND ALPHA-SYNUCLEIN FIBRILS,ELECTRON MICROSCOPY,,,
7ynl,Asyn,3,#e5be5b,1.0,#e5735b,, EB-BOUND ALPHA-SYNUCLEIN FIBRILS,ELECTRON MICROSCOPY,not publised article!,,
7ynm,Asyn,3,#e5be5b,1.0,#e5735b,, THT-BOUND ALPHA-SYNUCLEIN FIBRILS CONFORMATION 1,ELECTRON MICROSCOPY,not publised article!,,
7ynn,Asyn,3,#e5be5b,1.0,#e5735b,, THT-BOUND ALPHA-SYNUCLEIN FIBRILS CONFORMATION 2,ELECTRON MICROSCOPY,not publised article!,,
7yno,Asyn,3,#e5be5b,1.0,#e5735b,, PIB-BOUND ALPHA-SYNUCLEIN FIBRILS CONFORMATION 1,ELECTRON MICROSCOPY,not publised article!,,
7ynp,Asyn,3,#e5be5b,1.0,#e5735b,, BF227-BOUND ALPHA-SYNUCLEIN FIBRILS,ELECTRON MICROSCOPY,,,
7ynq,Asyn,3,#e5be5b,1.0,#e5735b,, PIB-BOUND ALPHA-SYNUCLEIN FIBRILS CONFORMATION 2,ELECTRON MICROSCOPY,,,
7ynr,Asyn,3,#e5be5b,1.0,#e5735b,, C05-03-BOUND ALPHA-SYNUCLEIN FIBRILS,ELECTRON MICROSCOPY,,,
7yns,Asyn,3,#e5be5b,1.0,#e5735b,, SIL5-BOUND ALPHA-SYNUCLEIN FIBRILS,ELECTRON MICROSCOPY,,"PD,LBD,MSA",
7ynt,Asyn,3,#e5be5b,1.0,#e5735b,, PFTAA-BOUND ALPHA-SYNUCLEIN FIBRILS,ELECTRON MICROSCOPY,,"PD,LBD,MSA",
8a4l,Asyn,3,#e5be5b,2.0,#e58b5b,,Lipidic alpha-synuclein fibril - polymorph L2A,ELECTRON MICROSCOPY,,,
8a9l,Asyn,3,#e5be5b,28.0,#c95be5,,Cryo-EM structure of alpha-synuclein filaments from Parkinson's disease and dementia with Lewy bodies,ELECTRON MICROSCOPY,+,PD ,
8ads,Asyn,3,#e5be5b,2.0,#e58b5b,,Lipidic alpha-synuclein fibril - polymorph L2B,ELECTRON MICROSCOPY,,PD ,
8aex,Asyn,3,#e5be5b,2.0,#e58b5b,,Lipidic alpha-synuclein fibril - polymorph L3A,ELECTRON MICROSCOPY,,PD ,
8bqv,Asyn,3,#e5be5b,1.0,#e5735b,,Cryo-EM structure of alpha-synuclein singlet filament from Juvenile-onset synucleinopathy,ELECTRON MICROSCOPY,+,juvenile-onset synucleinopathy (JOS),
8ce7,Asyn,3,#e5be5b,-1.0,#7f7f7f,,Type1 alpha-synuclein filament assembled in vitro by wild-type and mutant (7 residues insertion) protein,ELECTRON MICROSCOPY,+,juvenile-onset synucleinopathy (JOS),
8ceb,Asyn,3,#e5be5b,1.0,#e5735b,,Type2 alpha-synuclein filament assembled in vitro by wild-type and mutant (7 residues insertion) protein,ELECTRON MICROSCOPY,+,juvenile-onset synucleinopathy (JOS),
8cyr,Asyn,3,#e5be5b,2.0,#e58b5b,,Alpha-synuclein fibril from spontaneous control,ELECTRON MICROSCOPY,,"PD,LBD,MSA",
8cys,Asyn,3,#e5be5b,2.0,#e58b5b,,CryoEM structures of amplified alpha-synuclein fibril class B type II with extended core from DLB case I,ELECTRON MICROSCOPY,+,"PD,LBD,MSA",
8cyt,Asyn,3,#e5be5b,2.0,#e58b5b,,CryoEM structures of amplified alpha-synuclein fibril class A type I with extended core from DLB case I,ELECTRON MICROSCOPY,+,"PD,LBD,MSA",
8cyv,Asyn,3,#e5be5b,2.0,#e58b5b,,CryoEM structures of amplified alpha-synuclein fibril class B mixed type I/II with extended core from DLB case II,ELECTRON MICROSCOPY,+,"PD,LBD,MSA",
8cyw,Asyn,3,#e5be5b,2.0,#e58b5b,,CryoEM structures of amplified alpha-synuclein fibril class B type I with compact core from DLB case III,ELECTRON MICROSCOPY,+,"PD,LBD,MSA",
8cyx,Asyn,3,#e5be5b,2.0,#e58b5b,,CryoEM structure of amplified alpha-synuclein fibril class A type I with compact core from DLB case III,ELECTRON MICROSCOPY,+,"PD,LBD,MSA",
8cyy,Asyn,3,#e5be5b,2.0,#e58b5b,,CryoEM structure of amplified alpha-synuclein fibril class B mixed type I/II with extended core from DLB case V,ELECTRON MICROSCOPY,+,"PD,LBD,MSA",
8cz0,Asyn,3,#e5be5b,2.0,#e58b5b,,CryoEM structure of amplified alpha-synuclein fibril class B type I with extended core from DLB case VII,ELECTRON MICROSCOPY,+,"PD,LBD,MSA",
8cz1,Asyn,3,#e5be5b,2.0,#e58b5b,,CryoEM structure of amplified alpha-synuclein fibril class B type II with extended core from DLB case VII,ELECTRON MICROSCOPY,+,"PD,LBD,MSA",
8cz2,Asyn,3,#e5be5b,2.0,#e58b5b,,CryoEM structure of amplified alpha-synuclein fibril class A type I with extended core from DLB case VII,ELECTRON MICROSCOPY,+,"PD,LBD,MSA",
8cz3,Asyn,3,#e5be5b,2.0,#e58b5b,,CryoEM structure of amplified alpha-synuclein fibril class B type I with extended core from DLB case X,ELECTRON MICROSCOPY,+,"PD,LBD,MSA",
8cz6,Asyn,3,#e5be5b,2.0,#e58b5b,,CryoEM structure of amplified alpha-synuclein fibril class A type I with extended core from DLB case X,ELECTRON MICROSCOPY,+,"PD,LBD,MSA",
8h03,Asyn,3,#e5be5b,2.0,#e58b5b,,Major polymorph in alpha-synuclein fibril seeded by cerebrospinal fluid from a preclinical Parkinson's disease patient,ELECTRON MICROSCOPY,+,PD ,
8h04,Asyn,3,#e5be5b,2.0,#e58b5b,,Major polymorph in alpha-synuclein fibril seeded by cerebrospinal fluid from a postmortal Parkinson's disease patient,ELECTRON MICROSCOPY,+,PD,
8h05,Asyn,3,#e5be5b,1.0,#e5735b,,Minor polymorph in alpha-synuclein fibril seeded by cerebrospinal fluid from a postmortal Parkinson's disease patient,ELECTRON MICROSCOPY,+,PD,
8hzb,Asyn,3,#e5be5b,1.0,#e5735b,, FORMED ALPHA-SYNUCLEIN FIBRILS AFTER INCUBATION WITH HEPARIN FOR 1 HOUR (HEP-REMOD-1),ELECTRON MICROSCOPY,not published,,
8hzc,Asyn,3,#e5be5b,1.0,#e5735b,, FORMED ALPHA-SYNUCLEIN FIBRILS AFTER INCUBATION WITH HEPARIN FOR 1 HOUR (HEP-REMOD-2),ELECTRON MICROSCOPY,not published ,,
8hzs,Asyn,3,#e5be5b,1.0,#e5735b,, FORMED ALPHA-SYNUCLEIN FIBRILS AFTER INCUBATION WITH HEPARIN FOR 3 DAYS (HEP-REMOD-3),ELECTRON MICROSCOPY,not publised article!,,
8jex,Asyn,3,#e5be5b,-1.0,#7f7f7f,, CRYO-EM STRUCTURE OF ALPHA-SYNUCLEIN GS87 FIBRIL,ELECTRON MICROSCOPY,gS87,,
8oqi,Asyn,3,#e5be5b,1.0,#e5735b,, CRYO-EM STRUCTURE OF THE WILD-TYPE ALPHA-SYNUCLEIN FIBRIL.,ELECTRON MICROSCOPY,,PD,
8pix,Asyn,3,#e5be5b,2.0,#e58b5b,, CRYO EM STRUCTURE OF THE TYPE 3C POLYMORPH OF ALPHA-SYNUCLEIN AT LOW PH.,ELECTRON MICROSCOPY,,,
8pjo,Asyn,3,#e5be5b,2.0,#e58b5b,, CRYO EM STRUCTURE OF THE TYPE 3D POLYMORPH OF ALPHA-SYNUCLEIN E46K MUTANT AT LOW PH.,ELECTRON MICROSCOPY,,,
8pk2,Asyn,3,#e5be5b,1.0,#e5735b,, CRYO EM STRUCTURE OF THE TYPE 1M POLYMORPH OF ALPHA-SYNUCLEIN,ELECTRON MICROSCOPY,,,
8qpz,Asyn,3,#e5be5b,1.0,#e5735b,, CRYOEM STRUCTURE OF RECOMBINANT DELTAN7 ALPHA-SYNUCLEIN IN PBS,ELECTRON MICROSCOPY,,PD,
8ri9,Asyn,3,#e5be5b,1.0,#e5735b,, LATE ALPHA-SYNUCLEIN FIBRIL STRUCTURE FROM LIQUID-LIQUID PHASE SEPARATIONS.,ELECTRON MICROSCOPY,,PD,
8rqm,Asyn,3,#e5be5b,1.0,#e5735b,, ALPHA-SYNUCLEIN AMYLOID FIBRILS,ELECTRON MICROSCOPY,cant open article,,
8rrr,Asyn,3,#e5be5b,2.0,#e58b5b,, ALPHA-SYNUCLEIN AMYLOID FIBRIL,ELECTRON MICROSCOPY,,,
8uie,Asyn,3,#e5be5b,2.0,#e58b5b,, STRUCTURE OF RECOMBINANTLY ASSEMBLED MURINE ALPHA-SYNUCLEIN FIBRILS,ELECTRON MICROSCOPY,,Murine,
8uka,Asyn,3,#e5be5b,1.0,#e5735b,, STRUCTURE OF AMPLIFIED ASYN FILAMENT BY USING SEED AMPLIFICATION ASSAY (SAA) FROM MSA PATIENT CSF.,ELECTRON MICROSCOPY,not publised article!,,
8zwi,Asyn,3,#e5be5b,1.0,#e5735b,, CHONDROITIN SULFATE BOUND ALPHA-SYNUCLEIN FIBRIL,ELECTRON MICROSCOPY,,"PD,LBD,MSA",
8zwj,Asyn,3,#e5be5b,1.0,#e5735b,, POLYADENYLIC ACID BOUND ALPHA-SYNUCLEIN FIBRIL POLYMORPH 1,ELECTRON MICROSCOPY,,,
8zwk,Asyn,3,#e5be5b,1.0,#e5735b,, POLYADENYLIC ACID BOUND ALPHA-SYNUCLEIN FIBRIL POLYMORPH 2,ELECTRON MICROSCOPY,not published,,
9cd9,Asyn,3,#e5be5b,1.0,#e5735b,, STRUCTURE OF TYPE II-2 ALPHA-SYNUCLEIN FILAMENT FROM MULTIPLE SYSTEM ATROPHY,ELECTRON MICROSCOPY,+,AD,
9cda,Asyn,3,#e5be5b,1.0,#e5735b,, STRUCTURE OF TYPE I-2 ALPHA-SYNUCLEIN FILAMENT FROM MULTIPLE SYSTEM ATROPHY,ELECTRON MICROSCOPY,+,MSA,
9euu,Asyn,3,#e5be5b,1.0,#e5735b,, STRUCTURE OF RECOMBINANT ALPHA-SYNUCLEIN FIBRILS 1B CAPABLE OF SEEDING GCIS IN VIVO,ELECTRON MICROSCOPY,not publised article!,,
9ewv,Asyn,3,#e5be5b,2.0,#e58b5b,, MOUSE ALPHA-SYNUCLEIN,ELECTRON MICROSCOPY,mice,,
9fyp,Asyn,3,#e5be5b,2.0,#e58b5b,, CRYO EM STRUCTURE OF THE TYPE 3B POLYMORPH OF ALPHA-SYNUCLEIN AT LOW PH.,ELECTRON MICROSCOPY,,,
9ijp,Asyn,3,#e5be5b,1.0,#e5735b,, POLYPHOSPHATE BOUND ALPHA-SYNUCLEIN FIBRIL,ELECTRON MICROSCOPY,,"PD,LBD,MSA",
6dso,SAA,4,#e5df5b,17.0,#5be5d9,,Cryo-EM structure of murine AA amyloid fibril,ELECTRON MICROSCOPY,+,AA amyloidosis,
6zch,SAA1,4,#e5df5b,17.0,#5be5d9,,Amyloid fibril morphology II (ex vivo) from murine SAA1.1 protein.,ELECTRON MICROSCOPY,Mouse-extracted,Systemic AA amyloidosis,
7ovt,SAA2,4,#e5df5b,17.0,#5be5d9,,Major seeded in vitro fibril morphology from murine SAA1.1 protein,ELECTRON MICROSCOPY,,AA amyloidosis,
7zky,SSA,4,#e5df5b,13.0,#5be57b,,Amyloid fibril from human systemic AA amyloidosis (vascular variant),ELECTRON MICROSCOPY,+,AA amyloidosis,
6gk3,B2m,5,#c9e55b,8.0,#b2e55b,,Two protofilament beta-2-microglobulin amyloid fibril,ELECTRON MICROSCOPY,-,,P
8a7o,B2M,5,#c9e55b,8.0,#b2e55b,,beta-2-microglobulin DeltaN6 amyloid fibril form 2PFa,ELECTRON MICROSCOPY,,AD,
8a7p,B2M,5,#c9e55b,8.0,#b2e55b,,beta-2-microglobulin DeltaN6 amyloid fibril form 2PFb,ELECTRON MICROSCOPY,,AD,
8a7q,B2M,5,#c9e55b,-1.0,#7f7f7f,,beta-2-microglobulin V27M amyloid fibril form 4PF,ELECTRON MICROSCOPY,,AD,
8a7t,B2M,5,#c9e55b,8.0,#b2e55b,,beta-2-microglobulin D76N amyloid fibril form 2PFa,ELECTRON MICROSCOPY,,AD,
6gx5,Tau,6,#a8e55b,,,x,Narrow Pick Filament from Pick's disease brain,ELECTRON MICROSCOPY,+,Pick's disease,P
6tjo,Tau,6,#a8e55b,8.0,#b2e55b,x,Cryo-EM structure of TypeI tau filaments extracted from the brains of individuals with Corticobasal degeneration,ELECTRON MICROSCOPY,+,corticobasal degeneration (tauopathy),P
6tjx,Tau,6,#a8e55b,8.0,#b2e55b,x,Cryo-EM structure of TypeII tau filaments extracted from the brains of individuals with Corticobasal degeneration,ELECTRON MICROSCOPY,+,corticobasal degeneration (tauopathy),P
6vh7,Tau,6,#a8e55b,8.0,#b2e55b,x,Doublet Tau Fibril from Corticobasal Degeneration Human Brain Tissue,ELECTRON MICROSCOPY,+,corticobasal degeneration (tauopathy),P
6vha,Tau,6,#a8e55b,8.0,#b2e55b,x,Singlet Tau Fibril from Corticobasal Degeneration Human Brain Tissue,ELECTRON MICROSCOPY,+,corticobasal degeneration (tauopathy),P
7p65,Tau,6,#a8e55b,11.0,#6be55b,,Progressive supranuclear palsy tau filament,ELECTRON MICROSCOPY,+,"PSP,GGT-I,GGT-II,AGD,ARTAG",
7p66,Tau,6,#a8e55b,11.0,#6be55b,,Globular glial tauopathy type 1 tau filament,ELECTRON MICROSCOPY,+,"PSP,GGT-I,GGT-II,AGD,ARTAG",
7p67,Tau,6,#a8e55b,11.0,#6be55b,,Globular glial tauopathy type 2 tau filament,ELECTRON MICROSCOPY,+,"PSP,GGT-I,GGT-II,AGD,ARTAG",
7p68,Tau,6,#a8e55b,11.0,#6be55b,,Globular glial tauopathy type 3 tau filament,ELECTRON MICROSCOPY,+,"PSP,GGT-I,GGT-II,AGD,ARTAG",
7p6a,Tau,6,#a8e55b,11.0,#6be55b,,Limbic-predominant neuronal inclusion body 4R tauopathy type 1a tau filament,ELECTRON MICROSCOPY,+,"PSP,GGT-I,GGT-II,AGD,ARTAG",
7p6b,Tau,6,#a8e55b,11.0,#6be55b,,Limbic-predominant neuronal inclusion body 4R tauopathy type 1b tau filament,ELECTRON MICROSCOPY,+,"PSP,GGT-I,GGT-II,AGD,ARTAG",
7p6c,Tau,6,#a8e55b,11.0,#6be55b,,Limbic-predominant neuronal inclusion body 4R tauopathy type 2 tau filament,ELECTRON MICROSCOPY,+,"PSP,GGT-I,GGT-II,AGD,ARTAG",
7p6d,Tau,6,#a8e55b,8.0,#b2e55b,,Argyrophilic grain disease type 1 tau filament,ELECTRON MICROSCOPY,+,"PSP,GGT-I,GGT-II,AGD,ARTAG",
7p6e,Tau,6,#a8e55b,8.0,#b2e55b,,Argyrophilic grain disease type 2 tau filament,ELECTRON MICROSCOPY,+,"PSP,GGT-I,GGT-II,AGD,ARTAG",
7u0z,Tau,6,#a8e55b,11.0,#6be55b,,High-resolution map of tau filament from progressive supranuclear palsy (PSP) case 1,ELECTRON MICROSCOPY,+,FTLD,
8orf,Tau,6,#a8e55b,8.0,#b2e55b,,Cryo-EM structure of SH-SY5Y seeded with filaments from corticobasal degeneration extracts,ELECTRON MICROSCOPY,+,"AD,PSP,FTD",
8org,Tau,6,#a8e55b,8.0,#b2e55b,,Cryo-EM structure of SH-SY5Y seeded with filaments from corticobasal degeneration extracts (Type II),ELECTRON MICROSCOPY,+,"AD,PSP,FTD",
8q92,Tau,6,#a8e55b,-1.0,#7f7f7f,, P301S TAU FILAMENTS FROM THE BRAINS OF PS19 TRANSGENIC MOUSE LINE,ELECTRON MICROSCOPY,,,
8ttn,Tau,6,#a8e55b,-1.0,#7f7f7f,," PHF1-PHOSPHOMIMETIC TAU FILAMENTS (FULL-LENGTH, COFACTOR-FREE 0N4R TAU S396E, S400E, T403E, S404E)",ELECTRON MICROSCOPY,,"AD,PSP,FTD",
9gg0,Tau,6,#a8e55b,34.0,#e55b73,, P301L TAU FILAMENTS FROM HUMAN BRAIN,ELECTRON MICROSCOPY,+,AD,
9gg1,Tau,6,#a8e55b,-1.0,#7f7f7f,, P301T TYPE I TAU FILAMENTS FROM HUMAN BRAIN,ELECTRON MICROSCOPY,+,AD,
9gg6,Tau,6,#a8e55b,34.0,#e55b73,, P301T TYPE II TAU FILAMENTS FROM HUMAN BRAIN,ELECTRON MICROSCOPY,+,AD,
6hud,LC,7,#87e55b,25.0,#835be5,,Cryo-EM structure of cardiac amyloid fibrils from an immunoglobulin light chain (AL) amyloidosis patient.,ELECTRON MICROSCOPY,+,Systemic AL amyloidosis,P
8cpe,Immunoglobulin lambda light chain,7,#87e55b,25.0,#835be5,, CRYOEM STRUCTURE OF AL55 AMYLOID FIBRILS EXTRACTED FROM THE KIDNEY OF AN AL AMYLOIDOSIS PATIENT.,ELECTRON MICROSCOPY,+,AL ,
6l1u,Asyn,8,#66e55b,-1.0,#7f7f7f,,Cryo-EM structure of phosphorylated Tyr39 a-synuclein amyloid fibril,ELECTRON MICROSCOPY,Phosphorylated structure,,
8adu,Asyn,8,#66e55b,20.0,#5baae5,,Lipidic alpha-synuclein fibril - polymorph L1A,ELECTRON MICROSCOPY,,PD ,
8adv,Asyn,8,#66e55b,20.0,#5baae5,,Lipidic alpha-synuclein fibril - polymorph L1B,ELECTRON MICROSCOPY,,PD ,
8adw,Asyn,8,#66e55b,20.0,#5baae5,,Lipidic alpha-synuclein fibril - polymorph L1C,ELECTRON MICROSCOPY,,PD ,
8gf7,Asyn,8,#66e55b,-1.0,#7f7f7f,, CRYO-EM STRUCTURE OF SERINE 87 O-GLCNAC-MODIFIED ALPHA-SYNUCLEIN FIBRILS,ELECTRON MICROSCOPY,,,
8pk4,Asyn,8,#66e55b,22.0,#5b7be5,, CRYO EM STRUCTURE OF THE TYPE 5A POLYMORPH OF ALPHA-SYNUCLEIN.,ELECTRON MICROSCOPY,acetylated N-terminal methionine,,
8zlp,Asyn,8,#66e55b,22.0,#5b7be5,, APO WT POLYMORPH 5A ALPHA-SYNUCLEIN FIBRIL,ELECTRON MICROSCOPY,,,
6l4s,Asyn,9,#5be571,9.0,#9ae55b,,cryo-em structure of alpha-synuclein fiber mutation type E46K,ELECTRON MICROSCOPY,,,
7e0f,,9,#5be571,9.0,#9ae55b,,CryoEM structure of G51D alpha-synuclein amyloid fibril,ELECTRON MICROSCOPY,,familial Parkinson,
8x7b,Asyn,9,#5be571,9.0,#9ae55b,, THT-BOUND E46K ALPHA-SYNUCLEIN FIBRILS,ELECTRON MICROSCOPY,,,
8x7l,Asyn,9,#5be571,9.0,#9ae55b,, EB-BOUND E46K ALPHA-SYNUCLEIN FIBRILS,ELECTRON MICROSCOPY,,,
8x7m,Asyn,9,#5be571,9.0,#9ae55b,, CR-BOUND E46K ALPHA-SYNUCLEIN FIBRILS,ELECTRON MICROSCOPY,not free article,PD,
8x7o,Asyn,9,#5be571,9.0,#9ae55b,, PIB-BOUND E46K MUTANTED ALPHA-SYNUCLEIN FIBRILS,ELECTRON MICROSCOPY,not free article,PD,
8x7p,Asyn,9,#5be571,9.0,#9ae55b,, CCA-BOUND E46K ALPHA-SYNUCLEIN FIBRILS,ELECTRON MICROSCOPY,,"PD,LBD,MSA",
8x7q,Asyn,9,#5be571,9.0,#9ae55b,, PFTAA-BOUND E46K ALPHA-SYNUCLEIN FIBRILS,ELECTRON MICROSCOPY,,"PD,LBD,MSA",
8x7r,Asyn,9,#5be571,9.0,#9ae55b,, C05-03-BOUND E46K ALPHA-SYNUCLEIN FIBRILS,ELECTRON MICROSCOPY,,"PD,LBD,MSA",
8zlo,Asyn,9,#5be571,9.0,#9ae55b,, F0502B-BOUND E46K ALPHA-SYNUCLEIN FIBRIL,ELECTRON MICROSCOPY,,,
8zwh,Asyn,9,#5be571,9.0,#9ae55b,, HEPARIN BOUND E46K ALPHA-SYNUCLEIN FIBRIL,ELECTRON MICROSCOPY,,,
6n37,TDP43,10,#5be592,5.0,#e5d15b,,"SegA-sym, conformation of TDP-43 low complexity domain segment A sym",ELECTRON MICROSCOPY,-,,
6n3a,TDP43,10,#5be592,31.0,#e55bba,,"SegA-long, conformation of TDP-43 low complexity domain segment A long",ELECTRON MICROSCOPY,-,,
6n3b,TDP43,10,#5be592,5.0,#e5d15b,,"SegA-asym, conformation of TDP-43 low complexity domain segment A asym",ELECTRON MICROSCOPY,-,,
6qjq,Tau,10,#5be592,-1.0,#7f7f7f,x,Cryo-EM structure of heparin-induced 2N3R tau filaments,ELECTRON MICROSCOPY,-,,P
6uur,PrP,10,#5be592,5.0,#e5d15b,,"Human prion protein fibril, M129 variant",ELECTRON MICROSCOPY,-,,
6vw2,IAPP,10,#5be592,-1.0,#7f7f7f,,"Cryo-EM structure of human islet amyloid polypeptide (hIAPP, or amylin) fibrils",ELECTRON MICROSCOPY,,,
6y1a,IAPP,10,#5be592,5.0,#e5d15b,,Amyloid fibril structure of islet amyloid polypeptide,ELECTRON MICROSCOPY,-,,
6zrf,IAPP,10,#5be592,5.0,#e5d15b,,amyloid structure of amylin (IAPP - islet amyloid polypeptide),ELECTRON MICROSCOPY,,,
6zrq,IAPP,10,#5be592,5.0,#e5d15b,,two-protofilament amyloid structure of S20G variant of human amylin (IAPP - islet amyloid polypeptide),ELECTRON MICROSCOPY,,,
6zrr,IAPP,10,#5be592,5.0,#e5d15b,,three-protofilament amyloid structure of S20G variant of human amylin (IAPP - Islet Amyloid Polypeptide),ELECTRON MICROSCOPY,,,
7m61,IAPP,10,#5be592,5.0,#e5d15b,,"Cryo-EM structure of human islet amyloid polypeptide (hIAPP, or amylin) fibrils seeded by patient extracted fibrils, polymorph 1",ELECTRON MICROSCOPY,+,T2D,
7m62,IAPP,10,#5be592,-1.0,#7f7f7f,,"Cryo-EM structure of human islet amyloid polypeptide (hIAPP, or amylin) fibrils seeded by patient extracted fibrils, polymorph 2",ELECTRON MICROSCOPY,+,T2D,
7m64,IAPP,10,#5be592,5.0,#e5d15b,,"Cryo-EM structure of human islet amyloid polypeptide (hIAPP, or amylin) fibrils seeded by patient extracted fibrils, polymorph 3",ELECTRON MICROSCOPY,+,T2D,
7m65,IAPP,10,#5be592,3.0,#e5a25b,,"Cryo-EM structure of human islet amyloid polypeptide (hIAPP, or amylin) fibrils seeded by patient extracted fibrils, polymorph 4",ELECTRON MICROSCOPY,+,T2D,
7qkh,Tau,10,#5be592,10.0,#83e55b,,"In vitro assembled 258-391 tau filaments with sodium azide, (41a)",ELECTRON MICROSCOPY,,AD,
7ykw,IAPP,10,#5be592,-1.0,#7f7f7f,,Structure of hIAPP fibril at 3.6 Angstroms resolution,ELECTRON MICROSCOPY,,T2D,
7yl0,IAPP,10,#5be592,19.0,#5bc2e5,,Structure of hIAPP-TF-type2,ELECTRON MICROSCOPY,,T2D,
7yl3,IAPP,10,#5be592,19.0,#5bc2e5,,Structure of hIAPP-TF-type1,ELECTRON MICROSCOPY,,T2D,
7yl7,IAPP,10,#5be592,19.0,#5bc2e5,,Structure of hIAPP-TF-type3,ELECTRON MICROSCOPY,,T2D,
8awt,IAPP,10,#5be592,5.0,#e5d15b,, IAPP S20G LAG-PHASE FIBRIL POLYMORPH 2PF-P,ELECTRON MICROSCOPY,,T2D,
8az0,IAPP,10,#5be592,5.0,#e5d15b,, IAPP S20G GROWTH-PHASE FIBRIL POLYMORPH 2PF-L,ELECTRON MICROSCOPY,,T2D,
8az1,IAPP,10,#5be592,5.0,#e5d15b,, IAPP S20G GROWTH-PHASE FIBRIL POLYMORPH 2PF-C,ELECTRON MICROSCOPY,,T2D,
8az2,IAPP,10,#5be592,5.0,#e5d15b,, IAPP S20G GROWTH-PHASE FIBRIL POLYMORPH 3PF-CU,ELECTRON MICROSCOPY,,T2D,
8az3,IAPP,10,#5be592,5.0,#e5d15b,, IAPP S20G GROWTH-PHASE FIBRIL POLYMORPH 4PF-CU,ELECTRON MICROSCOPY,,T2D,
8az4,IAPP,10,#5be592,5.0,#e5d15b,, IAPP S20G PLATEAU-PHASE FIBRIL POLYMORPH 2PF-L,ELECTRON MICROSCOPY,,T2D,
8az5,IAPP,10,#5be592,5.0,#e5d15b,, IAPP S20G PLATEAU-PHASE FIBRIL POLYMORPH 4PF-CU,ELECTRON MICROSCOPY,,T2D,
8az6,IAPP,10,#5be592,29.0,#e15be5,, IAPP S20G PLATEAU-PHASE FIBRIL POLYMORPH 4PF-LU,ELECTRON MICROSCOPY,,T2D,
8az7,IAPP,10,#5be592,29.0,#e15be5,, IAPP S20G PLATEAU-PHASE FIBRIL POLYMORPH 4PF-LJ,ELECTRON MICROSCOPY,,T2D,
8ci8,Nup98,10,#5be592,31.0,#e55bba,, CRYO-EM STRUCTURE OF THE NUP98(298-327) FIBRIL,ELECTRON MICROSCOPY,,,
8r4i,IAPP,10,#5be592,5.0,#e5d15b,, CRYO-EM STRUCTURE OF HUMAN ISLET AMYLOID POLYPEPTIDE (HIAPP),ELECTRON MICROSCOPY,,,
8ttl,Tau,10,#5be592,10.0,#83e55b,," AT8-PHOSPHOMIMETIC TAU FILAMENTS (FULL-LENGTH, COFACTOR-FREE 0N4R TAU S202E, T205E, S208E)",ELECTRON MICROSCOPY,,"AD,PSP,FTD",
8v1n,Tau,10,#5be592,-1.0,#7f7f7f,, CRYO-EM STRUCTURE OF TAU FILAMENTS MADE FROM JR2R3-P301L PEPTIDES INDUCED WITH HEPARIN,ELECTRON MICROSCOPY,,AD,
9c1u,Tm1-I/C,10,#5be592,5.0,#e5d15b,, CRYO-EM STRUCTURE OF A TM1C FIBRIL,ELECTRON MICROSCOPY,,,
6qjh,Tau,11,#5be5b3,8.0,#b2e55b,x,Cryo-EM structure of heparin-induced 2N4R tau snake filaments,ELECTRON MICROSCOPY,-,,P
7qk3,Tau,11,#5be5b3,12.0,#5be563,,"In vitro assembled 258-391 tau filaments, 700 rpm (38a)",ELECTRON MICROSCOPY,,AD,
7qk6,Tau,11,#5be5b3,12.0,#5be563,,"In vitro assembled 258-391 tau filaments with heparan sulfate, 700 rpm (40a)",ELECTRON MICROSCOPY,,AD,
7qkf,Tau,11,#5be5b3,-1.0,#7f7f7f,,In vitro assembled 266/297 - 391 tau filaments with CuCl2 (12a),ELECTRON MICROSCOPY,,AD,
7qkg,Tau,11,#5be5b3,12.0,#5be563,,"In vitro assembled 258-391 tau filaments with phosphoglycerate, 700 rpm (39a)",ELECTRON MICROSCOPY,,AD,
7qkm,Tau,11,#5be5b3,2.0,#e58b5b,,In vitro assembled 266-391 S356D tau filaments with NaCl (45a),ELECTRON MICROSCOPY,,AD,
7qkw,Tau,11,#5be5b3,12.0,#5be563,,In vitro assembled 266-391 S356D tau filaments with KCl (44a),ELECTRON MICROSCOPY,,AD,
7ql2,Tau,11,#5be5b3,12.0,#5be563,,In vitro assembled 244-391 tau filaments with Na2P2O7 (20a),ELECTRON MICROSCOPY,,AD,
7ypg,Tau,11,#5be5b3,-1.0,#7f7f7f,,Cryo-EM structure of amyloid fibril formed by tau (297-391),ELECTRON MICROSCOPY,,AD,
8q96,Tau,11,#5be5b3,-1.0,#7f7f7f,, P301S TAU FILAMENTS FROM THE BRAINS OF TG2541 TRANSGENIC MOUSE LINE,ELECTRON MICROSCOPY,,,
8r3t,Tau,11,#5be5b3,-1.0,#7f7f7f,, COFACTOR-FREE TAU 4R2N ISOFORM,ELECTRON MICROSCOPY,,AD,
8wcp,Tau,11,#5be5b3,2.0,#e58b5b,, CRYO-EM STRUCTURE OF HUMAN DISEASE-ASSOCIATED P301L TAU AMYLOID FIBRIL FROM MOUSE BRAIN,ELECTRON MICROSCOPY,,,
6sdz,TTR,12,#5be5d4,7.0,#c9e55b,,transthyritin derived amyloid fibril from patient with hereditary V30M ATTR amyloidosis,ELECTRON MICROSCOPY,+,Hereditary ATTR amyloidosis,
7ob4,TTR,12,#5be5d4,7.0,#c9e55b,,Cryo-EM structure of a twisted-dimer transthyretin amyloid fibril from vitreous body of the eye,ELECTRON MICROSCOPY,+,ATTR,
8ade,TTR,12,#5be5d4,7.0,#c9e55b,,Wild type ATTR amyloid fibril from senile systemic amyloidosis,ELECTRON MICROSCOPY,+,transthyretin amyloidosis,
8e7d,TTR,12,#5be5d4,7.0,#c9e55b,, CRYO-EM STRUCTURE OF WILD-TYPE TRANSTHYRETIN AMYLOID FROM HEART TISSUE,ELECTRON MICROSCOPY,+,ATTR amyloidosis,
8e7e,TTR,12,#5be5d4,7.0,#c9e55b,, CRYO-EM STRUCTURE OF CARDIAC AMYLOID FIBRIL FROM A VARIANT ATTR I84S AMYLOIDOSIS PATIENT,ELECTRON MICROSCOPY,+,ATTR amyloidosis,
8e7h,TTR,12,#5be5d4,7.0,#c9e55b,, CRYO-EM STRUCTURE OF CARDIAC AMYLOID FIBRIL FROM A WILD-TYPE AMYLOIDOSIS PATIENT,ELECTRON MICROSCOPY,not publised article!,,
8e7i,TTR,12,#5be5d4,7.0,#c9e55b,, CRYO-EM STRUCTURE OF CARDIAC AMYLOID FIBRIL FROM A VARIANT ATTR P24S AMYLOIDOSIS PATIENT,ELECTRON MICROSCOPY,+ not publised article!,ATTR,
8e7j,TTR,12,#5be5d4,7.0,#c9e55b,, CRYO-EM STRUCTURE OF CARDIAC AMYLOID FIBRIL FROM A VARIANT ATTR I84S AMYLOIDOSIS PATIENT,ELECTRON MICROSCOPY,+,ATTR,
8g9r,TTR,12,#5be5d4,7.0,#c9e55b,, CARDIAC AMYLOID FIBRILS EXTRACTED FROM A WILD-TYPE ATTR AMYLOIDOSIS PATIENT,ELECTRON MICROSCOPY,+,ATTR,
8gbr,TTR,12,#5be5d4,7.0,#c9e55b,, CARDIAC AMYLOID FIBRILS EXTRACTED FROM A WILD-TYPE ATTR AMYLOIDOSIS PATIENT,ELECTRON MICROSCOPY,+,ATTR,
8pke,TTR,12,#5be5d4,7.0,#c9e55b,, ATTRV20I AMYLOID FIBRIL FROM HEREDITARY ATTR AMLOIDOSIS,ELECTRON MICROSCOPY,+,systemic ATTR,
8pkf,TTR,12,#5be5d4,7.0,#c9e55b,, ATTRG47E AMYLOID FIBRIL FROM HEREDITARY ATTR AMLOIDOSIS,ELECTRON MICROSCOPY,+,hereditary ATTR,
8pkg,TTR,12,#5be5d4,7.0,#c9e55b,, ATTRV122I AMYLOID FIBRIL FROM HEREDITARY ATTR AMLOIDOSIS,ELECTRON MICROSCOPY,+,hereditary ATTR,
8tdn,TTR,12,#5be5d4,7.0,#c9e55b,," CRYO-EM STRUCTURE OF CARDIAC AMYLOID FIBRIL FROM A VARIANT ATTR I84S AMYLOIDOSIS PATIENT-3, WILD-TYPE MORPHOLOGY",ELECTRON MICROSCOPY,+,ATTR,
8tdo,TTR,12,#5be5d4,7.0,#c9e55b,," CRYO-EM STRUCTURE OF CARDIAC AMYLOID FIBRIL FROM A VARIANT ATTR I84S AMYLOIDOSIS PATIENT-3, VARIANT-TYPE MORPHOLOGY",ELECTRON MICROSCOPY,+,ATTR,
6vhl,Tau,13,#5bd4e5,0.0,#e55b5b,x,Paired Helical Filament from Alzheimer's Disease Human Brain Tissue,ELECTRON MICROSCOPY,-,Alzheimer's disease,P
6vi3,Tau,13,#5bd4e5,0.0,#e55b5b,,Straight Filament from Alzheimer's Disease Human Brain Tissue,ELECTRON MICROSCOPY,,,P
8fpt,Asyn,13,#5bd4e5,28.0,#c95be5,,Cryo-EM structure of alpha-synuclein filaments doublet from Juvenile-onset synucleinopathy,SOLID-STATE NMR,+,juvenile-onset synucleinopathy (JOS),
6vps,Orb2,14,#5bb3e5,5.0,#e5d15b,,Cryo-EM structure of the amyloid core of Drosophila Orb2 isolated from head,ELECTRON MICROSCOPY,Fruit flies,,
7dac,RIPK3,14,#5bb3e5,-1.0,#7f7f7f,,Human RIPK3 amyloid fibril revealed by solid-state NMR,SOLID-STATE NMR,Functional amyloid,,
6wqk,hnRNPA2,15,#5b92e5,-1.0,#7f7f7f,,hnRNPA2 Low complexity domain (LCD) determined by cryoEM,ELECTRON MICROSCOPY,,,
8du2,HNRNPA2B1,15,#5b92e5,21.0,#5b92e5,, HNRNPA2 D290V LCD PM1,ELECTRON MICROSCOPY,,MSP,
8duw,HNRNPA2B1,15,#5b92e5,21.0,#5b92e5,, HNRNPA2 D290V LCD PM2,ELECTRON MICROSCOPY,recombinant,,
8ec7,HNRNPA2B1,15,#5b92e5,21.0,#5b92e5,, HNRNPA2 D290V LCD PM3,ELECTRON MICROSCOPY,,MSP,
6z1i,LC,16,#5b71e5,16.0,#5be5c2,,AL amyloid fibril from a lambda 3 light chain in conformation B,ELECTRON MICROSCOPY,+,Systemic AL amyloidosis,
6z1o,LC,16,#5b71e5,16.0,#5be5c2,,AL amyloid fibril from a lambda 3 light chain in conformation A,ELECTRON MICROSCOPY,+,Systemic AL amyloidosis,
8r47,lambda 3 immunoglobulin light chain fragment,16,#5b71e5,-1.0,#7f7f7f,, AL AMYLOID FIBRIL FROM THE FOR010 LIGHT CHAIN,ELECTRON MICROSCOPY,,systemic AL amyloidosis,
9eme,Immunoglobulin lambda light chain,16,#5b71e5,16.0,#5be5c2,, AL AMYLOID FIBRIL FROM THE FOR103 LIGHT CHAIN,ELECTRON MICROSCOPY,+,Systemic AL,
6zcf,SAA1,17,#665be5,26.0,#9a5be5,,Amyloid fibril morphology i (in vitro) from murine SAA1.1 protein,ELECTRON MICROSCOPY,,,
6zcg,SAA1,17,#665be5,-1.0,#7f7f7f,,Amyloid fibril morphology ii (in vitro) from murine SAA1.1 protein,ELECTRON MICROSCOPY,,,
7lna,,18,#875be5,14.0,#5be592,,,,,,
7qig,PrP,18,#875be5,14.0,#5be592,,Infectious mouse-adapted RML scrapie prion fibril purified from terminally-infected mouse brains,ELECTRON MICROSCOPY,prion-infected mice,prion,
7td6,PrP,18,#875be5,14.0,#5be592,,aRML prion fibril,ELECTRON MICROSCOPY,hamster-adapted scrapie,scrapie,
8a00,PrP,18,#875be5,14.0,#5be592,,Infectious mouse-adapted ME7 scrapie prion fibril purified from terminally-infected mouse brains,ELECTRON MICROSCOPY,,Transmissible Spongiform encephalopathies (TSEs),
8efu,PrP,18,#875be5,14.0,#5be592,,a22L prion fibril,ELECTRON MICROSCOPY,,PD,
9dmy,PrP,18,#875be5,33.0,#e55b8b,, CHRONIC WASTING DISEASE PRION FIBRIL,ELECTRON MICROSCOPY,,Deer,
9dmz,Prp,18,#875be5,33.0,#e55b8b,, GLYCOSYLATED CHRONIC WASTING DISEASE PRION FIBRIL,ELECTRON MICROSCOPY,,Chronic wasting disease,
7qvc,TMEM106B,19,#a85be5,6.0,#e1e55b,,TMEM106B filaments with Fold I from Alzheimer's disease (case 1),ELECTRON MICROSCOPY,+,AD,
7qvf,TMEM106B,19,#a85be5,6.0,#e1e55b,,TMEM106B filaments with Fold I-d from Multiple system atrophy (case 18),ELECTRON MICROSCOPY,+,MSA,
7qwg,TMEM106B,19,#a85be5,6.0,#e1e55b,,TMEM106B filaments with Fold IIa from Multiple system atrophy (case 19),ELECTRON MICROSCOPY,+,MSA,
7qwl,TMEM106B,19,#a85be5,6.0,#e1e55b,,TMEM106B filaments with Fold IIb from Multiple system atrophy (case 19),ELECTRON MICROSCOPY,+,MSA,
7qwm,TMEM106B,19,#a85be5,6.0,#e1e55b,,TMEM106B filaments with Fold III from Multiple system atrophy (case 17),ELECTRON MICROSCOPY,+,MSA,
7saq,TMEM106B,19,#a85be5,6.0,#e1e55b,,"Cryo-EM structure of TMEM106B fibrils extracted from a FTLD-TDP patient, polymorph 1",ELECTRON MICROSCOPY,+,FTLD,
7sar,TMEM106B,19,#a85be5,6.0,#e1e55b,,,,,,
7sas,TMEM106B,19,#a85be5,6.0,#e1e55b,,"Cryo-EM structure of TMEM106B fibrils extracted from a FTLD-TDP patient, polymorph 3",ELECTRON MICROSCOPY,+,FTLD,
7u10,TMEM106B,19,#a85be5,6.0,#e1e55b,,TMEM106B(120-254) protofilament from progressive supranuclear palsy (PSP) case 2,ELECTRON MICROSCOPY,+,FTLD,
7u11,TMEM106B,19,#a85be5,6.0,#e1e55b,,TMEM106B(120-254) protofilament from frontotemporal lobar degeneration with TDP-43 pathology (FTLD-TDP) type A (case 1),ELECTRON MICROSCOPY,+,FTLD,
7u12,TMEM106B,19,#a85be5,6.0,#e1e55b,,TMEM106B(120-254) singlet amyloid fibril from frontotemporal lobar degeneration with TDP-43 pathology (FTLD-TDP) type A (case 2),ELECTRON MICROSCOPY,+,FTLD,
7u13,TMEM106B,19,#a85be5,6.0,#e1e55b,,TMEM106B(120-254) singlet amyloid fibril from frontotemporal lobar degeneration with TDP-43 pathology (FTLD-TDP) type A (case 4),ELECTRON MICROSCOPY,+,FTLD,
7x83,TMEM106B,19,#a85be5,6.0,#e1e55b,,Cryo-EM structure of the TMEM106B fibril from normal elder,ELECTRON MICROSCOPY,+,PD,
7x84,TMEM106B,19,#a85be5,6.0,#e1e55b,,Cryo-EM structure of the TMEM106B fibril from Parkinson's disease dementia,ELECTRON MICROSCOPY,+,PD,
8j7n,TMEM106B,19,#a85be5,6.0,#e1e55b,, THE CRYO-EM STRUCTURE OF FE3+ INDUCED ALPHA-SYN FIBRIL.,ELECTRON MICROSCOPY,+,AD,
8j7p,TMEM106B,19,#a85be5,6.0,#e1e55b,, THE CRYO-EM STRUCTURE OF PIB BOUND TMEM106B FIBRIL.,ELECTRON MICROSCOPY,not publised article!,,
8otd,TMEM106B,19,#a85be5,6.0,#e1e55b,, TMEM106B FOLD1-S FILAMENT FROM GUAM ALS/PDC,ELECTRON MICROSCOPY,+,ALS/PDC,
8ote,TMEM106B,19,#a85be5,6.0,#e1e55b,, TMEM106B FOLD I-D FILAMENT FROM GUAM ALS/PDC,ELECTRON MICROSCOPY,+,ALS/PDC,
8x5h,TMEM106B,19,#a85be5,6.0,#e1e55b,, THE CRYO-EM STRUCTURE OF TMEM106B AMYLOID FIBRIL IN PD PATIENT.,ELECTRON MICROSCOPY,+,PD,
9fnb,TMEM106B,19,#a85be5,6.0,#e1e55b,, TMEM106B FILAMENTS FROM BIONDI BODIES (BIONDI VARIANT),ELECTRON MICROSCOPY,+,"AD,LBD, ALS",
7umq,PrP,20,#c95be5,18.0,#5bd9e5,,Structure of Type I Prion filaments from Gerstmann-Straussler-Scheinker disease,ELECTRON MICROSCOPY,+,GSS,
7un5,PrP,20,#c95be5,18.0,#5bd9e5,,Structure of Type II Prion filaments from Gerstmann-Straussler-Scheinker disease,ELECTRON MICROSCOPY,+,GSS,
8cg3,TDP43,21,#e55bdf,30.0,#e55bd1,, STRUCTURE OF TDP-43 AMYLOID FILAMENT FROM TYPE A FTLD-TDP (VARIANT 1),ELECTRON MICROSCOPY,+,FTLD-TDP,
8cgh,TDP43,21,#e55bdf,30.0,#e55bd1,, STRUCTURE OF TDP-43 AMYLOID FILAMENT FROM TYPE A FTLD-TDP (VARIANT 3),ELECTRON MICROSCOPY,+,FTLD-TDP,
8ihu,Superoxide dismutase [cu-zn],22,#e55bbe,32.0,#e55ba2,, CRYO-EM STRUCTURE OF AN AMYLOID FIBRIL FORMED BY ALS-CAUSING SOD1 MUTATION G85R,ELECTRON MICROSCOPY,,ALS,
8ihv,Superoxide dismutase [cu-zn],22,#e55bbe,32.0,#e55ba2,, CRYO-EM STRUCTURE OF AN AMYLOID FIBRIL FORMED BY ALS-CAUSING SOD1 MUTATION H46R,ELECTRON MICROSCOPY,,,
8qx9,TDP43,23,#e55b9d,3.0,#e5a25b,, TDP-43 AMYLOID FIBRILS: MORPHOLOGY-1A,ELECTRON MICROSCOPY,,,
8qxa,TDP43,23,#e55b9d,3.0,#e5a25b,, TDP-43 AMYLOID FIBRILS: MORPHOLOGY-1B,ELECTRON MICROSCOPY,,,
8qxb,TDP43,23,#e55b9d,3.0,#e5a25b,, TDP-43 AMYLOID FIBRILS: MORPHOLOGY-2,ELECTRON MICROSCOPY,,,
9faa,Monoclonal immunoglobulin light chains (lc),24,#e55b7c,23.0,#5b63e5,, CRYO-EM STRUCTURE OF CARDIAC COLLAGEN-ASSOCIATED AMYLOID AL59,ELECTRON MICROSCOPY,+,AL amyloidosis,
9fab,Monoclonal immunoglobulin light chains (lc),24,#e55b7c,23.0,#5b63e5,, ADDITIONAL CRYO-EM STRUCTURE OF CARDIAC AMYLOID AL59 - BENT POLYMORPH,ELECTRON MICROSCOPY,not publised article!,,
9fac,Monoclonal immunoglobulin light chains (lc),24,#e55b7c,23.0,#5b63e5,, ADDITIONAL CRYO-EM STRUCTURE OF CARDIAC AMYLOID AL59 - MIXED POLYMORPH,ELECTRON MICROSCOPY,+,AL amyloidosis,
